site_id,site_name,Short Name,city,state,bldg_type_sub,bldg_type,number_floor,total_floor_area_ft2,conditioned_floor_area_ft2,peak_kW,year_constructed,construction,hvac_type,hvac_plant,hvac_capacity,hvac_system,hvac_size_tons_sf,dr_strategy_implemented_1,dr_strategy_implemented_2,dr_strategy_implemented_3,dr_strategy_implemented_4,measure_code,baseline_model,Reference
1,300 Capitol Mall,300 CMall,Sacramento,CA,Office,Office,1,426000,383000,1580,,,6 AHU with economizer,centrifugal chiller,1@2398 ton,VAV with perimeter reheat,,"Chilled water temp 44F to 47F
Annex building modify monitored average zone temp down by 1.5F
Supply fan VFD lock
Loading deck fan off
Lobby lights off
Fountain pump off","Chilled water temp to 55F
Annex building avg. zone temp down 3F",,,"CDB10, CDB20, CDA13, CDA11, CDA40",OAT_MA,"Piette, M. A., Watson, D. S., Motegi, N., & Bourassa, N. (2005). Automated Demand Response and Commissioning."
2,"Albertsons, Fruitville",Albertsons,Oakland,CA,Supermarket,Supermarket,1,50000,50000,450,,,,,,,,Overhead light 35% off,Anti-sweat door heater night-mode,,,CDA40,OAT_MA,"Piette, M. A., Watson, D. S., Motegi, N., & Bourassa, N. (2005). Automated Demand Response and Commissioning."
3,Bank of America Concord Data Center,B of A,Concord,CA,Bank office,Office,3,616000,708000,5380,,,52 AHU 104 variable speed fans,"VSD chiller, 3 primary CV pumps, 3 secondary VSD pumps","1@300 ton
1@800 ton
1@1200 ton",sigle duct VAV with perimeter electric reheat,,"Supply air temp reset 55 F to 59 F
Duct static pressure 2.2 IWC to 1.8 IWC",Supply air temp reset to 59,,,"CDB40, CDB50",OAT_MA,"Piette, M. A., Watson, D. S., Motegi, N., & Bourassa, N. (2005). Automated Demand Response and Commissioning."
4,Joe Serna Jr. Cal/EPA Headquarters Building,Cal EPA,Sacramento,CA,Office,Office,1,950000,950000,1990,,,,,,,,Duct static pressure 1.0 IWC 7 0.5 IWC,Turn off light where daylight is available,,,CDB50,OAT_MA,"Piette, M. A., Watson, D. S., Motegi, N., & Bourassa, N. (2005). Automated Demand Response and Commissioning."
5,CANMET Energy Technology Centre - Varennes,CETC,"Varennes (Quebec, Can)",CA,Research Facility,Office,1,45000,18000,240,,,"12 supply fans, 6 return fans/ 75kW/75hp . 60000CFM VFD",chiller,"2@70ton
a iced bank of 70t",,,"Unload chiller and cool with ice storage
Two air handling units off
Electric humidifier off",,,,CDA11,OAT_MA,"Piette, M. A., Watson, D. S., Motegi, N., & Bourassa, N. (2005). Automated Demand Response and Commissioning."
6,Cisco Systems,Cisco,"San Jose
Milpitas","Quebec,(Canada)","Office
Tech Lab",Office,24,4466000,4466000,27860,,,4 sets of supply fans(75-100hp) and return fans (25-30hp) for each building,"2-3 chiller units (400-650tons)
for each building","2-3 chiller units (400-650tons)
for each building",,,"VAV zone setup 2 F 
Computer Room AH setup 2 F
Boiler pump off & stairwell fan-coils off
Boiler pump off & stairwell fan-coils off 
Sweep lighting where daylight is available. 
Stairwell, lobby, hallway lights off",,,,"CDB10, CDA40",OAT_MA,"Piette, M. A., Watson, D. S., Motegi, N., & Bourassa, N. (2005). Automated Demand Response and Commissioning."
7,Contra Costa County 50 Douglas,50 Douglas,Martinez,CA,Office,Office,1,90000,90000,500,,,3 roof top paskage units with DX cooling,"75 ton has 4 equal compressor stage, 90ton unit has 6 equal compressor stage","2@75 ton
1@90 ton",sigle duct VAV with perimeter electric reheat,,Global zone setup 76 F to 78 F,Global zone setup to 80F,,,CDB10,OAT_MA,"Piette, M. A., Watson, D. S., Motegi, N., & Bourassa, N. (2005). Automated Demand Response and Commissioning."
8,Contra Costa County Summit Center,Summit Ctr,Martinez,CA,Office,Office,1,131000,131000,500,,,4 roof top paskage units with DX cooling,each unit has 8 equal compressor stage,4@60 ton,sigle duct VAV with perimeter electric reheat,,Global zone setup 76 F 7 78 F,"Global zone setup 7 80F
2 of 3 Rooftop units off Lobby
common area light off",,,CDB10,OAT_MA,"Piette, M. A., Watson, D. S., Motegi, N., & Bourassa, N. (2005). Automated Demand Response and Commissioning."
9,Echelon San Jose Headquarter,Echelon,San Jose,CA,Office,Office,1,75000,75000,410,,,total 4800 yond og packed units with VFD,,1@4800 ton,,,"Zone set point increase
Dim office lighting",2 of 3 Rooftop units off Lobby,,,"CDB10, CDA40",OAT_MA,"Piette, M. A., Watson, D. S., Motegi, N., & Bourassa, N. (2005). Automated Demand Response and Commissioning."
10,GSA Phillip Burton San Francisco Federal Building,450 GG,San Francisco,CA,Federal Office,Office,1,1424000,1424000,2130,,,"8 AHU, VFD at supply and return fans (partially constant volume), courtrooms are by 13 package units","3 water-cooled chillers, a air-cooled chillers, 6 cooling towers",,dual duct VAV,,"Global zone setup 72 F to 74 F
Global zone setback 70 F to 68 F",Global zone setup to 78F,,,"CDB10, CDB11",OAT_MA,"Piette, M. A., Watson, D. S., Motegi, N., & Bourassa, N. (2005). Automated Demand Response and Commissioning."
11,GSA National Archives & Records Administration,NARA,San Bruno,CA,Archive Storage,Office,1,238000,202000,280,,,15 AHU (SF/RF set) 10-40 hp VFD (3 of them),"water cooled chillers, 2 hp pumps, one rooftop unit, 5 hp","2@30 ton
1@50 ton",,,Global zone setup 75 F to 76 F,Global zone setup to 78F,,,CDB10,OAT_MA,"Piette, M. A., Watson, D. S., Motegi, N., & Bourassa, N. (2005). Automated Demand Response and Commissioning."
12,GSA Ronald V. Dellums Oakland Federal Building,OFB,Oakland,CA,Federal Office,Office,1,1105000,978000,4100,,,"11 AHU 
22 varaible speed fans
47 smaller CV fans",chillers,"3@980 ton
2@450 ton","perimeter: dual duct VAV with reheat
core: single duct VAV without reheat",,"Global zone setup 72 F to 76 F
Global zone setback 70 F to 68 F","Global zone setup to 78F
Global zone setback to 66F",,,"CDB10, CDB11",OAT_MA,"Piette, M. A., Watson, D. S., Motegi, N., & Bourassa, N. (2005). Automated Demand Response and Commissioning."
13,Kadant Grantek,Kadant,Green Bay,Wisconsin,Material Process,Industrial,1,100000,0,1440,,,,,,,,Transfer pump off,,,,CDA13,OAT_MA,"Piette, M. A., Watson, D. S., Motegi, N., & Bourassa, N. (2005). Automated Demand Response and Commissioning."
14,Monterey Commerce Center,Monterey,Monterey,CA,Commercial,Office,1,170000,"170,000*",N/A,,,4 RTU,,,VAV,,Lobby lights 33% off,,,,CDA40,OAT_MA,"Piette, M. A., Watson, D. S., Motegi, N., & Bourassa, N. (2005). Automated Demand Response and Commissioning."
15,OSIsoft,OSIsoft,San Leandro,CA,Office,Office,1,60000,60000,300,,,3 RTU,,"2@60 ton
1@30 ton",,,Global zone setup 72 F to 76 F,Global zone setup to 78F,,,CDB10,OAT_MA,"Piette, M. A., Watson, D. S., Motegi, N., & Bourassa, N. (2005). Automated Demand Response and Commissioning."
16,Roche Palo Alto,Roche,Palo Alto,CA,"Cafeteria
Auditorium",Restaurant,3,192000,192000,750,,,constant volume fans,chilled water is supplied by cental plant outside of the buildings,,,,Building-A2 supply fans off (50%),"Building-FS supply fans off (50%)
Building-SS supply fans off (50%)",,,CDA11,OAT_MA,"Piette, M. A., Watson, D. S., Motegi, N., & Bourassa, N. (2005). Automated Demand Response and Commissioning."
17,UC Santa Barbara Davidson Library,UCSB,Santa Barbara,CA,Library,Library,1,289000,289000,1090,,,,virtual central plant,,,,"Supply fan VFD 70% limit 
Economizer 100% open","Supply fan VFD 60% limit
Duct static pressure reset 0.4 IWC (partial) 
Heating/cooling valve close",,,"CDA11, CDB50",OAT_MA,"Piette, M. A., Watson, D. S., Motegi, N., & Bourassa, N. (2005). Automated Demand Response and Commissioning."
18,"US Postal Service, San Jose Process & Distribution Center",USPS,San Jose,CA,Distribution Center,,1,390000,390000,1630,,,"constant volume package DX units: 17.5 tons (210 MBH), 5.0 tons(60MBH)","Chillers: 364 tons x2,Constant volume CW Pumps: 20 HP x3, Constant volumeCHW Pumps: 30 HP x3, Constant Volume CHW booster pump: 10 HP x1, Constant volume Cooling tower: 2 motors in each unit (40 HP/10 HP)",2@364 ton,,,Chiller demand 75% limit,Chiller demand 50% limit,,,CDA12,OAT_MA,"Piette, M. A., Watson, D. S., Motegi, N., & Bourassa, N. (2005). Automated Demand Response and Commissioning."
19,"Alameda County Water District, Headquarter",ACWD,Fremont,CA,"Office, lab",Office+Lab,1,51200,51200,347,,,,,,,,None.,"Boiler disabled,CHW setpoint raised to 50F
,Current limiting to 70%. 
,SAT increased from 55F to 65F for AHUs 1, 2, 3 and Lab AHU.
,DSP setpoint decreased from 1.5"" to 1.0"".
,Zone setpoint increased to 75F.",Zone setpoint increased to 78 F,?Extend shed control 2 hours(until 8 pm),"CDB10, CDB20, CDB40, CDB50",OAT_MA,"Piette, M. A., D. Watson, N. Motegi, S. Kiliccote, and P. Xu. 2006. Automated Critical Peak Pricing Field Tests: Program Description and Results."
20,"Bank of America, Concord Technology Center",B of A,Concord,,"Office, data center",Office+DataCenter,4,616000,708000,5680,,,,,,,,None.,None.,"?Reduce DSP from 2.2"" to 1.4"".
?Lock fan VFD 3 minutes after the DSP reset.
?CHW setpoint increased
5 F at the secondary loop.?Lock cooling valve position at the AHU.",None.,"CDA11, CDB20, CDB50, CDB60",OAT_MA,"Piette, M. A., D. Watson, N. Motegi, S. Kiliccote, and P. Xu. 2006. Automated Critical Peak Pricing Field Tests: Program Description and Results."
21,"Chabot Space and Science Center, Building 1&2",Chabot,Oakland,,Museum,Museum,2,86000,86000,333,,,,,,,,"?Free cooling when the OAT is below 62 F
?Pre-cooling until noon at 70 F average
zone temp.","?Drift zone setpoint to 74F, 4/3F each hour","?Drift zone setpoint to 78F, 4/3 F each hour",None.,"CDB10, CDB11",OAT_MA,"Piette, M. A., D. Watson, N. Motegi, S. Kiliccote, and P. Xu. 2006. Automated Critical Peak Pricing Field Tests: Program Description and Results."
22,"Contra Costa County, 2530 Arnold",2530 Arnold,Martinez,,Office,Office,1,131000,131000,528,,,,,,,,None.,?Zone setpoint increased 2F. (76F to 78F),?Zone setpoint 4 F up. (80 F),"?VAV boxes are released one by one over a short
interval.",CDB10,OAT_MA,"Piette, M. A., D. Watson, N. Motegi, S. Kiliccote, and P. Xu. 2006. Automated Critical Peak Pricing Field Tests: Program Description and Results."
23,"Contra Costa County, 50 Douglas",50 Douglas,Martinez,,Office,Office,1,90000,90000,422,,,,,,,,None.,?Zone setpoint increased 2F. (76F to 78F),?Zone setpoint 4 F up. (80 F),"?VAV boxes are released one by one over a short
interval.",CDB10,OAT_MA,"Piette, M. A., D. Watson, N. Motegi, S. Kiliccote, and P. Xu. 2006. Automated Critical Peak Pricing Field Tests: Program Description and Results."
24,"Echelon, San Jose Headquarter",Echelon,San Jose,,"Corporate
Headquarter",Office,1,75000,75000,403,,,,,,,,None.,"?Hallway lighting turned off where there is ambient light
?Daylit office lights turned off.
?Inner office lights dimmed to 20%.","?1 of 3 RTU turned off.
?DSP reduced from 1.5"" to 0.8""
?SAT increased from 55 to 65F.",None.,"CDA40, CDA12, CDB50, CDB40",OAT_MA,"Piette, M. A., D. Watson, N. Motegi, S. Kiliccote, and P. Xu. 2006. Automated Critical Peak Pricing Field Tests: Program Description and Results."
25,"Fremont Unified School
District, Irvington High School",Irvington,Fremont,,Highschool,School,1,186000,186000,N/A,,,,,,,,"?Precooling to 72 F until
11:50 a.m.",?Raise temperature to 78F until 2:50 p.m.,"?Turn off systems at 2:50pm. School closes at
3pm. Office areas drift.",None.,"CDB10, CDB11",OAT_MA,"Piette, M. A., D. Watson, N. Motegi, S. Kiliccote, and P. Xu. 2006. Automated Critical Peak Pricing Field Tests: Program Description and Results."
26,"Gilead Science, 300 Lakeside Dr.",Gilead 300,Foster City,,Office,Office,1,83000,83000,N/A,,,,,,,,"?Shed control
starts at 11 am.","?AHU increase SAT from 55F
to 65F.",?Same as moderate price.,None.,"CDB10, CDB40",OAT_MA,"Piette, M. A., D. Watson, N. Motegi, S. Kiliccote, and P. Xu. 2006. Automated Critical Peak Pricing Field Tests: Program Description and Results."
27,"Gilead Science, 342 Lakeside Dr.",Gilead 342,Foster City,,"Office, Lab",Office+Lab,1,32000,32000,464,,,,,,,,? Shed control starts at 11 am,"?AHU increase SAT from 55F to 65F.
?Zone setpoint increase to 75F (70 - 75F normal).",?Same as moderate price.,None.,"CDB10, CDB40",OAT_MA,"Piette, M. A., D. Watson, N. Motegi, S. Kiliccote, and P. Xu. 2006. Automated Critical Peak Pricing Field Tests: Program Description and Results."
28,"Gilead Science, 357 Lakeside Dr.",Gilead 357,Foster City,,"Office, Lab",Office+Lab,1,33000,33000,664,,,,,,,,? Shed control starts at 11 am,"?AHU SAT increased from 55F to 65F.
?Zone setpoint increased to 75F (70 - 75F normal).",?Same as moderate price.,None.,"CDB10, CDB40",OAT_MA,"Piette, M. A., D. Watson, N. Motegi, S. Kiliccote, and P. Xu. 2006. Automated Critical Peak Pricing Field Tests: Program Description and Results."
29,"IKEA, East Palo Alto Store",IKEA,"East Palo
Alto",,Retail,Retail,1,300000,300000,2238,,,,,,,,None.,"?Zone setpoint increased 2F
at each RTU.","?Zone setpoints increased
to 76 F.",None.,CDB10,OAT_MA,"Piette, M. A., D. Watson, N. Motegi, S. Kiliccote, and P. Xu. 2006. Automated Critical Peak Pricing Field Tests: Program Description and Results."
30,"Lawrence Berkeley National Laboratory, Oakland Scientific Facility",LBNL OSF,Oakland,,"Data center, Office",Office+DataCenter,1,90000,70000,2189,,,,,,,,"?Zone setpoint - 0 to 2F decrease
in the morning for pre cooling.",?Zone setpoint 2 - 6F up.,?Zone setpoints increased a maximum of 6 F up.,None.,"CDB10, CDB11",OAT_MA,"Piette, M. A., D. Watson, N. Motegi, S. Kiliccote, and P. Xu. 2006. Automated Critical Peak Pricing Field Tests: Program Description and Results."
31,"Oracle Corporation, Rocklin",Oracle,Rocklin,,Office,Office,2,100000,100000,808,,,,,,,,None.,"?DSP reduced 20% at supply fans.
?Shut off 3 of 12 RTUs
in the sales area (building has 23 RTUs total).
?Shut off 5 RTUs in the sales area after October 6th.
?Limit chiller demand to 80%.","?Zone setpoints increased 3F.
?Turn off every fourth light fixture in the sales area.
?Limit chiller demand to 65%.",None.,"CDA12, CDB10, CDB50, CDA40",OAT_MA,"Piette, M. A., D. Watson, N. Motegi, S. Kiliccote, and P. Xu. 2006. Automated Critical Peak Pricing Field Tests: Program Description and Results."
32,"Target, Hayward Store",Target,Hayward,,Retail,Retail,1,130000,130000,428,,,,,,,,None.,,,None.,"CDB10, CDA40",OAT_MA,"Piette, M. A., D. Watson, N. Motegi, S. Kiliccote, and P. Xu. 2006. Automated Critical Peak Pricing Field Tests: Program Description and Results."
33,"United States Postal Service, San Jose Process and Distribution Center",USPS,San Jose,,Postal service,Office,1,390000,390000,1676,,,,,,,,None.,,,"?The chiller demand limit will be increased in 5% increments
with 15-30 minutes per step change",CDA12,OAT_MA,"Piette, M. A., D. Watson, N. Motegi, S. Kiliccote, and P. Xu. 2006. Automated Critical Peak Pricing Field Tests: Program Description and Results."
34,Alameda County Water,ACWD,Fremont,CA,"Office, lab",Office+Lab,1,51200,51200,348,,,,,,,,Table 6 summay,,,,"CDB10, CDB20, CDB40, CDB50, CDB60",OAT_MA,"Piette, M A, D Watson, N Motegi, S Kiliccote, Mary Ann Piette, David Watson, Naoya Motegi, and Sila Kiliccote. 2007. Automated Critical Peak Pricing Field Tests: 2006 Pilot Program Description and Results."
35,"Bank of America, Concord",Office/Data Center,Concord,,"Office, data center",Office+DataCenter,4,616000,708000,5712,,,,,,,,,,,,"CDB20, CDB40, CDB50, CDB60, CDA11",OAT_MA,"Piette, M A, D Watson, N Motegi, S Kiliccote, Mary Ann Piette, David Watson, Naoya Motegi, and Sila Kiliccote. 2007. Automated Critical Peak Pricing Field Tests: 2006 Pilot Program Description and Results."
36,Chabot Space and Scienc,Chabot,Oakland,,Museum,Museum,2,86000,86000,336,,,,,,,,,,,,"CDB10, CDB11",OAT_MA,"Piette, M A, D Watson, N Motegi, S Kiliccote, Mary Ann Piette, David Watson, Naoya Motegi, and Sila Kiliccote. 2007. Automated Critical Peak Pricing Field Tests: 2006 Pilot Program Description and Results."
37,"Contra Costa County, 2530 Arnold",2530 Arnold,Martinez,,Office,Office,1,131000,131000,536,,,,,,,,,,,,CDB10,OAT_MA,"Piette, M A, D Watson, N Motegi, S Kiliccote, Mary Ann Piette, David Watson, Naoya Motegi, and Sila Kiliccote. 2007. Automated Critical Peak Pricing Field Tests: 2006 Pilot Program Description and Results."
38,"Contra Costa County, 50 Douglas",50 Douglas,Martinez,,Office,Office,1,90000,90000,459,,,,,,,,,,,,CDB10,OAT_MA,"Piette, M A, D Watson, N Motegi, S Kiliccote, Mary Ann Piette, David Watson, Naoya Motegi, and Sila Kiliccote. 2007. Automated Critical Peak Pricing Field Tests: 2006 Pilot Program Description and Results."
39,MDF,MDF,Martinez,,Detention Facility,Detention Facility,1,172300,172300,561,,,,,,,,,,,,CDB10,OAT_MA,"Piette, M A, D Watson, N Motegi, S Kiliccote, Mary Ann Piette, David Watson, Naoya Motegi, and Sila Kiliccote. 2007. Automated Critical Peak Pricing Field Tests: 2006 Pilot Program Description and Results."
40,Echelon,Echelon,San Jose,,Hi-tech office,Office,1,75000,75000,523,,,,,,,,,,,,"CDB10, CDB20, CDB40, CDA11, CDA40",OAT_MA,"Piette, M A, D Watson, N Motegi, S Kiliccote, Mary Ann Piette, David Watson, Naoya Motegi, and Sila Kiliccote. 2007. Automated Critical Peak Pricing Field Tests: 2006 Pilot Program Description and Results."
41,Fremont Unified School Centerville,Centerville,Fremont,,Junior High school,School,1,NA,NA,332,,,,,,,,,,,,"CDB10, CDB11",OAT_MA,"Piette, M A, D Watson, N Motegi, S Kiliccote, Mary Ann Piette, David Watson, Naoya Motegi, and Sila Kiliccote. 2007. Automated Critical Peak Pricing Field Tests: 2006 Pilot Program Description and Results."
42,Fremont Unified School Irvington,Irvington,Fremont,,High school,School,1,186000,186000,446,,,,,,,,,,,,"CDB10, CDB11",OAT_MA,"Piette, M A, D Watson, N Motegi, S Kiliccote, Mary Ann Piette, David Watson, Naoya Motegi, and Sila Kiliccote. 2007. Automated Critical Peak Pricing Field Tests: 2006 Pilot Program Description and Results."
43,"Gilead Science, 300 Lake",Gilead 300,Foster City,,Office,Office,1,83000,83000,288,,,,,,,,,,,,CDB40,OAT_MA,"Piette, M A, D Watson, N Motegi, S Kiliccote, Mary Ann Piette, David Watson, Naoya Motegi, and Sila Kiliccote. 2007. Automated Critical Peak Pricing Field Tests: 2006 Pilot Program Description and Results."
44,"Gilead Science, 342 Lake",Gilead 342,Foster City,,"Office, Lab",Office+Lab,1,32000,32000,495,,,,,,,,,,,,"CDB10, CDB40",OAT_MA,"Piette, M A, D Watson, N Motegi, S Kiliccote, Mary Ann Piette, David Watson, Naoya Motegi, and Sila Kiliccote. 2007. Automated Critical Peak Pricing Field Tests: 2006 Pilot Program Description and Results."
45,"Gilead Science, 357 Lake",Gilead 357,Foster City,,"Office, Lab",Office+Lab,1,33000,33000,662,,,,,,,,,,,,"CDB10, CDB40",OAT_MA,"Piette, M A, D Watson, N Motegi, S Kiliccote, Mary Ann Piette, David Watson, Naoya Motegi, and Sila Kiliccote. 2007. Automated Critical Peak Pricing Field Tests: 2006 Pilot Program Description and Results."
46,"IKEA, East Palo Alto St",IKEA EPaloAlto,East Palo Alto,,Furniture retail,Retail Furniture,1,300000,300000,1191,,,,,,,,,,,,CDB10,OAT_MA,"Piette, M A, D Watson, N Motegi, S Kiliccote, Mary Ann Piette, David Watson, Naoya Motegi, and Sila Kiliccote. 2007. Automated Critical Peak Pricing Field Tests: 2006 Pilot Program Description and Results."
47,"IKEA, Emeryville",IKEA Emeryville,Emeryville,,Furniture retail,Retail Furniture,1,274000,274000,1466,,,,,,,,,,,,CDB10,OAT_MA,"Piette, M A, D Watson, N Motegi, S Kiliccote, Mary Ann Piette, David Watson, Naoya Motegi, and Sila Kiliccote. 2007. Automated Critical Peak Pricing Field Tests: 2006 Pilot Program Description and Results."
48,"Oracle Corporation, Roc",Oracle Rocklin,Rocklin,,Office,Office,2,100000,100000,808,,,,,,,,,,,,CDB10,OAT_MA,"Piette, M A, D Watson, N Motegi, S Kiliccote, Mary Ann Piette, David Watson, Naoya Motegi, and Sila Kiliccote. 2007. Automated Critical Peak Pricing Field Tests: 2006 Pilot Program Description and Results."
49,"Solectron, Corporate He",Solectron,Milpitas,,"Office, Manufacture",Office,9,499206,499206,4655,,,,,,,,,,,,CDB10,OAT_MA,"Piette, M A, D Watson, N Motegi, S Kiliccote, Mary Ann Piette, David Watson, Naoya Motegi, and Sila Kiliccote. 2007. Automated Critical Peak Pricing Field Tests: 2006 Pilot Program Description and Results."
50,Svenhard's Swedish Bak,Svenhard's,Oakland,,Bakery,Restaurant,1,101000,101000,696,,,,,,,,,,,,CDA40,OAT_MA,"Piette, M A, D Watson, N Motegi, S Kiliccote, Mary Ann Piette, David Watson, Naoya Motegi, and Sila Kiliccote. 2007. Automated Critical Peak Pricing Field Tests: 2006 Pilot Program Description and Results."
51,"Sybase, Corporate Head",Sybase,Pleasanton,,Hi-tech office,Office,2,425000,425000,1995,,,,,,,,,,,,CDA40,OAT_MA,"Piette, M A, D Watson, N Motegi, S Kiliccote, Mary Ann Piette, David Watson, Naoya Motegi, and Sila Kiliccote. 2007. Automated Critical Peak Pricing Field Tests: 2006 Pilot Program Description and Results."
52,"Target, Hayward Store",Target Hayward,Hayward,,Retail,Retail,1,130000,130000,449,,,,,,,,,,,,"CDB10, CDA11",OAT_MA,"Piette, M A, D Watson, N Motegi, S Kiliccote, Mary Ann Piette, David Watson, Naoya Motegi, and Sila Kiliccote. 2007. Automated Critical Peak Pricing Field Tests: 2006 Pilot Program Description and Results."
53,"Target, Antioch Store",Target Antioch,Antioch,,Retail,Retail,1,140686,140686,572,,,,,,,,,,,,"CDB10, CDA11",OAT_MA,"Piette, M A, D Watson, N Motegi, S Kiliccote, Mary Ann Piette, David Watson, Naoya Motegi, and Sila Kiliccote. 2007. Automated Critical Peak Pricing Field Tests: 2006 Pilot Program Description and Results."
54,"Target, Bakersfield Store",Target Bakersfield,Bakersfield,,Retail,Retail,1,143941,143941,645,,,,,,,,,,,,"CDB10, CDA11, CDA40",OAT_MA,"Piette, M A, D Watson, N Motegi, S Kiliccote, Mary Ann Piette, David Watson, Naoya Motegi, and Sila Kiliccote. 2007. Automated Critical Peak Pricing Field Tests: 2006 Pilot Program Description and Results."
55,Trane,,Rocklin,CA,"Warehouse, office",Warehouse,,25000,,319.23,,Concrete tilt up structure with wood trusses and white roof,Ten constant volume RTU’s each with 2 stage compressors,,,,,"Precool, reset thermostat",,,,"CDB10, CDB11","OAT_MA
10/10","Page, Janie, Sila Kiliccote, Han Dudley, Mary Ann Piette, Albert K. Chiu, Bashar Kellow, Ed Koch, and Paul Lipkin Akuacom. 2011. Automated Demand Response Technology Demonstration for Small and Medium Commercial Buildings."
56,LimeAmps Santa Rosa,,Santa Rosa,,Convenience store,Retail,,3531,,33.83,,,2 single stage constant volume 4 ton units; compressors at ground level,,,,,"Duty cycle HVAC, deli counter, and ice machine",,,,"CDA12, CDA30","OAT_MA
10/10","Page, Janie, Sila Kiliccote, Han Dudley, Mary Ann Piette, Albert K. Chiu, Bashar Kellow, Ed Koch, and Paul Lipkin Akuacom. 2011. Automated Demand Response Technology Demonstration for Small and Medium Commercial Buildings."
57,LimeAmps Sebastopol,,Sebastopol,,Restaurant,Restaurant,,4200,,44.79,,,3 packaged units: Two 5 ton units and one 4 ton unit,,,,,"Duty cycle HVAC, walk?in cooler",,,,"CDA12, CDA30","OAT_MA
10/10","Page, Janie, Sila Kiliccote, Han Dudley, Mary Ann Piette, Albert K. Chiu, Bashar Kellow, Ed Koch, and Paul Lipkin Akuacom. 2011. Automated Demand Response Technology Demonstration for Small and Medium Commercial Buildings."
58,Our Home Spaces,,Novato,,Small office,Office,,800,,6.09,,,,,,,,Reset thermostat,,,,CDB10,"OAT_MA
10/10","Page, Janie, Sila Kiliccote, Han Dudley, Mary Ann Piette, Albert K. Chiu, Bashar Kellow, Ed Koch, and Paul Lipkin Akuacom. 2011. Automated Demand Response Technology Demonstration for Small and Medium Commercial Buildings."
59,InThrMa,,Pittsburg,,Pre-school,School,,18250,,56.96,,,2 constant volume units,,,,,"Reset thermostats,
duty cycle appliances",,,,"CDB10, CDA30","OAT_MA
10/10","Page, Janie, Sila Kiliccote, Han Dudley, Mary Ann Piette, Albert K. Chiu, Bashar Kellow, Ed Koch, and Paul Lipkin Akuacom. 2011. Automated Demand Response Technology Demonstration for Small and Medium Commercial Buildings."
60,Lutron,,Oakland,,Small office,Office,,20000,,71.38,,,,,,,,Reduce lighting levels by zones,,,,CDA40,"OAT_MA
10/10","Page, Janie, Sila Kiliccote, Han Dudley, Mary Ann Piette, Albert K. Chiu, Bashar Kellow, Ed Koch, and Paul Lipkin Akuacom. 2011. Automated Demand Response Technology Demonstration for Small and Medium Commercial Buildings."
61,Enmetric,,Palo Alto,,Small office,Office,,13000,,25.84,,,,,,,,Control MELs (plug loads),,,,CDA30,"OAT_MA
10/10","Page, Janie, Sila Kiliccote, Han Dudley, Mary Ann Piette, Albert K. Chiu, Bashar Kellow, Ed Koch, and Paul Lipkin Akuacom. 2011. Automated Demand Response Technology Demonstration for Small and Medium Commercial Buildings."
62,EnergyETC,,Union City,,Small office,Office,,2200,,6.59,,,One constant volume single compressor RTU,,,,,Reset thermostat,,,,CDB10,"OAT_MA
10/10","Page, Janie, Sila Kiliccote, Han Dudley, Mary Ann Piette, Albert K. Chiu, Bashar Kellow, Ed Koch, and Paul Lipkin Akuacom. 2011. Automated Demand Response Technology Demonstration for Small and Medium Commercial Buildings."
63,Applied Power Technologies,,Campbell,,Small office,Office,,2070,,18.24,,,"2 RTU’s rated 20A and 16A, respectively",,,,,"Reduce lighting levels by zone, reset
thermostat",,,,"CDB10, CDA40","OAT_MA
10/10","Page, Janie, Sila Kiliccote, Han Dudley, Mary Ann Piette, Albert K. Chiu, Bashar Kellow, Ed Koch, and Paul Lipkin Akuacom. 2011. Automated Demand Response Technology Demonstration for Small and Medium Commercial Buildings."
64,HD Supply,,Salinas,,"Food warehouse, small retail",Retail,,6000,,25.83,,,,,,,,"Reset thermostat, duty cycle freezers,
control MELs",,,,"CDB10, CDA30","OAT_MA
10/10","Page, Janie, Sila Kiliccote, Han Dudley, Mary Ann Piette, Albert K. Chiu, Bashar Kellow, Ed Koch, and Paul Lipkin Akuacom. 2011. Automated Demand Response Technology Demonstration for Small and Medium Commercial Buildings."
65,NetApp,NetApp,8-May,CA,data center,DataCenter,,101355,,,,,,,,,,Space HVAC setpoints are raised to 78F from 75F. 50% of lights are turned off (and kept off by programming).,,,,"CDB10, CDA40","OAT_MA
10/10","Ghatikar, G., Piette, M. A., Fujita, S., McKane, A., Dudley, J. H., Radspieler, A., … Shroyer, D. (2009). Demand Response and Open Automated Demand Response Opportunities for Data Centers. https://doi.org/10.2172/981725"
66,LBNL 50B-1275,,Berkeley,CA,data center,DataCenter,,5000,,550,Load profile,LBNL 50B,NetApp,SDSC,UC Berkeley,,,"Server and CRAC unit shutdown
Load Shifting or Queuing IT jobs Server idling
Temperature set point adjustment
Shutdown and idling of IT storage clusters",,,,"CDB10, CDA30",10/10 baselines with morning adjustment,"Ghatikar, Girish, Venkata Ganti, Nance Matson, and Mary Ann Piette. 2012. Demand Response Opportunities and Enabling Technologies for Data Centers: Findings from Field Studies."
67,Network Appliance,NetApp,,CA,,,,1100,,816,,58%,52%,71%,55%,,,"Load Shifting or Queuing IT jobs Server idling
Temperature set point adjustment
Shutdown and idling of IT storage clusters
Cooling relative to IT equipment load reduction",,,,"CDB10, CDA30",10/10 baselines with morning adjustment,"Ghatikar, Girish, Venkata Ganti, Nance Matson, and Mary Ann Piette. 2012. Demand Response Opportunities and Enabling Technologies for Data Centers: Findings from Field Studies."
68,San Diego Supercomputer Center;,SDSC,La Jolla,CA,,DataCenter,,19000,,2300,,38%,42%,28%,40%,,,Load migration between heterogeneous systems.,,,,CDA30,10/10 baselines with morning adjustment,"Ghatikar, Girish, Venkata Ganti, Nance Matson, and Mary Ann Piette. 2012. Demand Response Opportunities and Enabling Technologies for Data Centers: Findings from Field Studies."
69,University of California,UC Berkeley,Berkeley,CA,,DataCenter,,10000,,1000,,4%,6%,1%,5%,,,Load migration between homogeneous systems6,,,,CDA30,10/10 baselines with morning adjustment,"Ghatikar, Girish, Venkata Ganti, Nance Matson, and Mary Ann Piette. 2012. Demand Response Opportunities and Enabling Technologies for Data Centers: Findings from Field Studies."
70,Three Carnegie Plaza,,,CA,Office,Office,,83698,,,"2,003",Concrete,Packaged DX Units,,2 @ 50 Ton,VAV,,,,,,"CDB10, CDB11",AVHOAT,"Yin, Rongxin, Peng Xu, Mary Ann Piette, and Sila Kiliccote. 2010. “Study on Auto-DR and Pre-Cooling of Commercial Buildings with Thermal Mass in California.” Energy and Buildings 42(7):967–75."
71,Two Carnegie Plaza,,,CA,Office,Office,,68955,,,"1,990",Concrete,Packaged DX Units,,"2 @ 55 Ton
2 @ 50 Ton",VAV,,,,,,"CDB10, CDB11",AVHOAT,"Yin, Rongxin, Peng Xu, Mary Ann Piette, and Sila Kiliccote. 2010. “Study on Auto-DR and Pre-Cooling of Commercial Buildings with Thermal Mass in California.” Energy and Buildings 42(7):967–75."
72,One Carnegie Plaza,,,CA,Office,Office,,62800,,,"1,988",Concrete,Packaged DX Units,,"2 @ 55 Ton
2 @ 50 Ton",VAV,,,,,,"CDB10, CDB11",AVHOAT,"Yin, Rongxin, Peng Xu, Mary Ann Piette, and Sila Kiliccote. 2010. “Study on Auto-DR and Pre-Cooling of Commercial Buildings with Thermal Mass in California.” Energy and Buildings 42(7):967–75."
73,One Carnegie Plaza (smaller one),,,CA,Office,Office,,38808,,,"1,988",Concrete,Packaged DX Units,,"1 @ 50 Ton
1 @ 60 Ton",VAV,,,,,,"CDB10, CDB11",AVHOAT,"Yin, Rongxin, Peng Xu, Mary Ann Piette, and Sila Kiliccote. 2010. “Study on Auto-DR and Pre-Cooling of Commercial Buildings with Thermal Mass in California.” Energy and Buildings 42(7):967–75."
74,One Vanderbilt,,,CA,Office,Office,,73730,,,"1,988",Concrete,Packaged DX Units,,"3 @ 55 Ton
1 @ 60 Ton",VAV,,,,,,"CDB10, CDB11",AVHOAT,"Yin, Rongxin, Peng Xu, Mary Ann Piette, and Sila Kiliccote. 2010. “Study on Auto-DR and Pre-Cooling of Commercial Buildings with Thermal Mass in California.” Energy and Buildings 42(7):967–75."
75,One Parkside,,,CA,Office,Office,,70069,,,"1,993",Steel,Packaged DX Units,,4 @ 55 Ton,VAV,,,,,,"CDB10, CDB11",AVHOAT,"Yin, Rongxin, Peng Xu, Mary Ann Piette, and Sila Kiliccote. 2010. “Study on Auto-DR and Pre-Cooling of Commercial Buildings with Thermal Mass in California.” Energy and Buildings 42(7):967–75."
76,Lakeside Tower,,,CA,Office,Office,,112717,,,"1,990",Steel,Central Chiller (reciprocating),,2 @ 175 Ton,VAV,,,,,,"CDB10, CDB11",AVHOAT,"Yin, Rongxin, Peng Xu, Mary Ann Piette, and Sila Kiliccote. 2010. “Study on Auto-DR and Pre-Cooling of Commercial Buildings with Thermal Mass in California.” Energy and Buildings 42(7):967–75."
77,Two Parkside,,,CA,Office (90%)+Classroom (10%),Office,,80750,,,"2,001",Steel,Packaged DX Units,,2 @ 90 Ton,VAV,,,,,,"CDB10, CDB11",AVHOAT,"Yin, Rongxin, Peng Xu, Mary Ann Piette, and Sila Kiliccote. 2010. “Study on Auto-DR and Pre-Cooling of Commercial Buildings with Thermal Mass in California.” Energy and Buildings 42(7):967–75."
78,Brier Corporate Center,,,CA,Office+Data Center,Office+DataCenter,,104501,,,"2,005",Steel,Packaged DX Units,,"1 @ 80 Ton
2 @ 75 Ton",VAV,,,,,,"CDB10, CDB11",AVHOAT,"Yin, Rongxin, Peng Xu, Mary Ann Piette, and Sila Kiliccote. 2010. “Study on Auto-DR and Pre-Cooling of Commercial Buildings with Thermal Mass in California.” Energy and Buildings 42(7):967–75."
79,Vanderbilt Plaza,,,CA,Office (75%)+Classroom (25%),Office,,119035,,,"2,002",Steel,Packaged DX Units,,"2 @ 55 Ton
2 @ 50 Ton",VAV,,,,,,"CDB10, CDB11",AVHOAT,"Yin, Rongxin, Peng Xu, Mary Ann Piette, and Sila Kiliccote. 2010. “Study on Auto-DR and Pre-Cooling of Commercial Buildings with Thermal Mass in California.” Energy and Buildings 42(7):967–75."
80,Inland Regional Center,,,CA,Office (75%)+Auditorium (25%),Office,,81079,,,"1,994",Concrete,Packaged DX Units,,"2 @ 105 Ton
2 @ 90 Ton",VAV,,,,,,"CDB10, CDB11",AVHOAT,"Yin, Rongxin, Peng Xu, Mary Ann Piette, and Sila Kiliccote. 2010. “Study on Auto-DR and Pre-Cooling of Commercial Buildings with Thermal Mass in California.” Energy and Buildings 42(7):967–75."
81,Chabot Space & Science Center,CSSC,Oakland,CA,museum,Museum,,86000,,,,Concrete,rooftop AHU,centrifugal chiller,1@ 230Ton,7 VAV+1 CAV,,The pre-cooling and zone temperature reset strategies,,,,"CDB10, CDB11",baseline days for each test day were selected based on similarity of peak outside air temperature,"Xu, Peng and Leah Zagreus. 2007. Demand Shifting With Thermal Mass in Light and Heavy Mass Commercial Buildings."
82,OSF,OSF,Oakland,CA,Office+data center,Office+DataCenter,,90000,70000,1500,,has 4-inch concrete floors and very light walls.,2 AHU,,,,,,,,,"CDB10, CDB11",baseline days for each test day were selected based on similarity of peak outside air temperature,"Xu, Peng and Leah Zagreus. 2007. Demand Shifting With Thermal Mass in Light and Heavy Mass Commercial Buildings."
83,CHCCC,CHCCC,Visalia,CA,Office,Office,,87000,,,,,rooftop AHU,,8@ 50Ton,VAV,,The pre-cooling and zone temperature reset strategies,,,,"CDB10, CDB11",baseline days for each test day were selected based on similarity of peak outside air temperature,"Xu, P, Yin, R., Brown, C., & Kim, D. E. (2009). Demand Shifting with Thermal Mass in Large Commercial Buildings in a California Hot Climate Zone."
84,TCCSB,TCCSB,San Bernadino,CA,Office,Office,,104500,,,,,Packaged DX Units,,,VAV,,,,,,"CDB10, CDB11",baseline days for each test day were selected based on similarity of peak outside air temperature,
85,Santa Rosa Federal Building,,"Santa Rosa,",CA,Office,Office,,80000,,,,Concrete,chiller,,"3@ 75Ton
2@ 60Ton",VAV,,The pre-cooling and zone temperature reset strategies,,,,"CDB10, CDB11",baseline days for each test day were selected based on similarity of peak outside air temperature,"Xu, Peng, Haves, P., Piette, M., Berkeley National Laboratory, L., Zagreus, L., & of California at Berkeley, U. (2006). DEMAND SHIFTING WITH THERMAL MASS IN LARGE COMMERICAL BUILDINGS: FILED TESTS, SIMULATIONS AND AUDITS California Energy Commission."
86,McCuen One building,,,CA,Office+courtroom,Office,,84000,,,2001,,rooftop package units,,,VAV,,The pre-cooling and zone temperature reset strategies,,,,"CDB10, CDB11",baseline days for each test day were selected based on similarity of peak outside air temperature,
87,Retail C1,Retail C1,,CA,retail,Retail,,4000,,31,,,4 RTUs,,,,,"Pre-cool to 70 DegF 1 hr
prior to the event","Increase zone temperature setpoint to 78 DegF, turn
fans to AUTO mode, group RTUs by two's and15 min. duty cycle. Turn off 50% of 89-Watt fluorescent fixtures and 100% 32-Watt fluorescent U-tube
fixtures. Shut off hot water heater.","Stagger out slowly to
avoid a rebound",,"CDB10, CDA12, CDA40","CBP baseline model
Morning adjusted CBP
OAT regression","Schwarzenegger, A. (2008). AUTOMATION OF CAPACITY BIDDING WITH AN AGGREGATOR USING OPEN AUTOMATED DEMAND RESPONSE PIER FINAL PROJECT REPORT California Energy Commission."
88,Retail C2,Retail C2,,CA,,Retail,,5800,,59,,,4 RTUs,,,,,Pre-cool to 70 DegF 1 hr prior to the event,"Increase zone temperature setpoint to 78 DegF, turn fans to AUTO mode, group RTUs by two's and15 min. duty cycle. Turn off 75% of 89-Watt fluorescent fixtures and 50% 32-Watt fluorescent U-tube
fixtures. Shut off hot water heater.",Stagger out slowly to avoid a rebound,,"CDB10, CDA12, CDA40","CBP baseline model
Morning adjusted CBP
OAT regression","Schwarzenegger, A. (2008). AUTOMATION OF CAPACITY BIDDING WITH AN AGGREGATOR USING OPEN AUTOMATED DEMAND RESPONSE PIER FINAL PROJECT REPORT California Energy Commission."
89,Retail C3,Retail C3,,CA,,Retail,,5400,,62,,,4 RTUs,,,,,Pre-cool to 70 DegF 1 hr prior to the event,"Increase zone temperature setpoint to 78 DegF, turn fans to AUTO mode, group RTUs by two's and 15 min. duty cycle. Turn off 50% of 89-Watt fluorescent fixtures and 100% 32-Watt fluorescent U-tube
fixtures. Shut off hot water heater.",Stagger out slowly to avoid a rebound,,"CDB10, CDA12, CDA40","CBP baseline model
Morning adjusted CBP
OAT regression","Schwarzenegger, A. (2008). AUTOMATION OF CAPACITY BIDDING WITH AN AGGREGATOR USING OPEN AUTOMATED DEMAND RESPONSE PIER FINAL PROJECT REPORT California Energy Commission."
90,Retail C4,Retail C4,,CA,,Retail,,5000,,40,,,5 RTUs,,,,,Pre-cool to 70 DegF 1 hr prior to the event,"Increase zone temperature setpoint to 78 DegF, turn fans to AUTO mode, group RTUs by two's and 15 min. duty cycle. Turn off 50% of all lighting. Shut
off hot water heater.",Stagger out slowly to avoid a rebound,,"CDB10, CDA12, CDA40","CBP baseline model
Morning adjusted CBP
OAT regression","Schwarzenegger, A. (2008). AUTOMATION OF CAPACITY BIDDING WITH AN AGGREGATOR USING OPEN AUTOMATED DEMAND RESPONSE PIER FINAL PROJECT REPORT California Energy Commission."
91,Retail C5,Retail C5,,CA,,Retail,,4436,,10,,,4 RTUs,,,,,Pre-cool to 70 DegF 1 hr prior to the event,"Increase zone temperature setpoint to 78 DegF, turn fans to AUTO mode, group RTUs by two's and 15 min. duty cycle. Turn off 50% of 89-Watt fluorescent fixtures and 100% 32-Watt fluorescent U-tube fixtures and 100% halogen fixtures. Shut off hot
water heater.",Stagger out slowly to avoid a rebound,,"CDB10, CDA12, CDA40","CBP baseline model
Morning adjusted CBP
OAT regression","Schwarzenegger, A. (2008). AUTOMATION OF CAPACITY BIDDING WITH AN AGGREGATOR USING OPEN AUTOMATED DEMAND RESPONSE PIER FINAL PROJECT REPORT California Energy Commission."
92,,Retail C6,,CA,,Retail,,23000,,112,,,1 AHU,,,,,Pre-cool to 70 DegF 1 hr prior to the event,"Increase zone temperature setpoint to 78 DegF, disable the baler, shut off hot water heater. Turn off 50% of 59-Watt fluorescent fixtures.",No,,"CDB10, CDA12, CDA40","CBP baseline model
Morning adjusted CBP
OAT regression","Schwarzenegger, A. (2008). AUTOMATION OF CAPACITY BIDDING WITH AN AGGREGATOR USING OPEN AUTOMATED DEMAND RESPONSE PIER FINAL PROJECT REPORT California Energy Commission."
93,Albertsons,Albertsons,Oakland,CA,Supermarket,Supermarket,,50000,,50000,,,,,,,,"Reduce ambient lighting
Reduce Anti-
sweat Heaters",,,,"CDA40, CDA30","OAT regression (Whole-Building Level Method)
Component Level Method","Piette, M A, Watson, D. S., Motegi, N., & Bourassa, N. (2005). Findings from the 2004 Fully Automated Demand Response Tests in Large Facilities."
94,Bank of America,B of A,Concord,CA,Office (Retail),Office,,211000,,211000,,,,,,,,Reset duct static pressure,,,,CDA50,"OAT regression (Whole-Building Level Method)
Component Level Method","Piette, M A, Watson, D. S., Motegi, N., & Bourassa, N. (2005). Findings from the 2004 Fully Automated Demand Response Tests in Large Facilities."
95,GSA,GSA,Oakland,CA,Office,Office,,978000,978000,978000,,,,,,,,"Global zone set- point increase
Direct control of fans",,,,CDB10,"OAT regression (Whole-Building Level Method)
Component Level Method","Piette, M A, Watson, D. S., Motegi, N., & Bourassa, N. (2005). Findings from the 2004 Fully Automated Demand Response Tests in Large Facilities."
96,Roche,Roche,Palo Alto,CA,"Pharmaceutical laboratory
(Office/Cafeteria)",Office,3,192000,,192000,,,,,,,,Direct control of fans,,,,CDA11,"OAT regression (Whole-Building Level Method)
Component Level Method","Piette, M A, Watson, D. S., Motegi, N., & Bourassa, N. (2005). Findings from the 2004 Fully Automated Demand Response Tests in Large Facilities."
97,UCSB,UCSB,Santa Barbara,CA,Library,Library,,289000,,289000,,,,,,,,"Direct control of fans
Reset duct static pressure
Reset cooling and heating valves",,,,"CDA11, CDB50, CDB60","OAT regression (Whole-Building Level Method)
Component Level Method","Piette, M A, Watson, D. S., Motegi, N., & Bourassa, N. (2005). Findings from the 2004 Fully Automated Demand Response Tests in Large Facilities."
98,University of California at Merced,UCM,Merced,CA,,Education,,800000,,,,,,,,VAV,,chilled water storage + GTA,,,,"CDB10, CDA12","three-in-ten (3/10) baseline
morning-adjusted outside air
temperature regression (OAT_MA),","Granderson, J., Dudley, J. H., Kiliccote, S., & Piette, M. A. (2009). Chilled Water Storage System and Demand Response at the University of California at Merced and published in the Proceedings."
99,Taco Bell,,San Juan Capistrano,CA,restaurant,Restaurant,,2200,,,1994,,,,,,,precool+GTA,,,,"CDB10, CDB11","3/10_MA
OAT_MA
3/10","Kiliccote, S, Piette, M. A., Dudley, J. H., Koch, E., & Akuacom, D. H. (2009). Open Automated Demand Response for Small Commercial Buildings."
100,Taco Bell,,Hesperia,CA,,Restaurant,,2150,,,2006,,,,,,,,,,,"CDB10, CDB11","3/10_MA
OAT_MA
3/10","Kiliccote, S, Piette, M. A., Dudley, J. H., Koch, E., & Akuacom, D. H. (2009). Open Automated Demand Response for Small Commercial Buildings."
101,Large Commercial,Large Commercial,,Berkeley,Large Commercial,Office,,141000,,,,,,,,,,"Control of VAVs, fans, Lighting w/ a BAS",,,,"CDA40, CDA11","3/10_MA
OAT_MA
3/10","Kiliccote, Sila, Lanzisera, S., Liao, A., Schetrit, O., & Piette, M. A. (2014). Fast DR: Controlling Small Loads over the Internet."
102,Small Commercial 1,Small Commercial 1,San Jose,CA,Small Commercial 1,Office,,5900,,,,,,,,,,"Control of Tstats
(Split system)",,,,CDB10,OAT,"Kiliccote, Sila, Lanzisera, S., Liao, A., Schetrit, O., & Piette, M. A. (2014). Fast DR: Controlling Small Loads over the Internet."
103,Small Commercial 2,Small Commercial 2,San Jose,CA,Small Commercial 2,Office,,6250,,,,,,,,,,Control of Tstats,,,,CDB10,OAT,"Kiliccote, Sila, Lanzisera, S., Liao, A., Schetrit, O., & Piette, M. A. (2014). Fast DR: Controlling Small Loads over the Internet."
104,"Small Commercial
3","Small Commercial
3",San Jose,CA,"Small Commercial
3",Office,,14400,,,,,,,,,,Control of Tstats,,,,CDB10,OAT,"Kiliccote, Sila, Lanzisera, S., Liao, A., Schetrit, O., & Piette, M. A. (2014). Fast DR: Controlling Small Loads over the Internet."
105,Small Commercial 4,Small Commercial 4,San Jose,CA,Small Commercial 4,Office,,9500,,,,,,,,,,Control of Tstats,,,,CDB10,OAT,"Kiliccote, Sila, Lanzisera, S., Liao, A., Schetrit, O., & Piette, M. A. (2014). Fast DR: Controlling Small Loads over the Internet."
106,Residential 1,Residential 1,Stockton,CA,Residential 1,Residential,,2076,,,,,,,,,,"VRV limiting -
mini split system",,,,CDA12,OAT,"Kiliccote, Sila, Lanzisera, S., Liao, A., Schetrit, O., & Piette, M. A. (2014). Fast DR: Controlling Small Loads over the Internet."
107,"Residential
2","Residential
2",Stockton,CA,"Residential
2",Residential,,1690,,,,,,,,,,"compressor
off/on",,,,CDA12,OAT,"Kiliccote, Sila, Lanzisera, S., Liao, A., Schetrit, O., & Piette, M. A. (2014). Fast DR: Controlling Small Loads over the Internet."
108,"Residential
3","Residential
3",Stockton,CA,"Residential
3",Residential,,1140,,,,,,,,,,"compressor
off/on",,,,CDA12,OAT,"Kiliccote, Sila, Lanzisera, S., Liao, A., Schetrit, O., & Piette, M. A. (2014). Fast DR: Controlling Small Loads over the Internet."
109,Residential 4,Residential 4,Oakland,CA,Residential 4,Residential,,1400,,,,,,,,,,,,,,CDA12,OAT,"Kiliccote, Sila, Lanzisera, S., Liao, A., Schetrit, O., & Piette, M. A. (2014). Fast DR: Controlling Small Loads over the Internet."
110,McKinstry,McK,5005 3rd Avenue S,Seattle,office,Office,,100000,,347,,,23 RTU,,,7VAV+16 CAV,,Uniformly turn off half of the 23 roof-top units for 15 minutes and alternate with the remaining units every 15 minutes,Stage turning on equipment every 2 minutes,,,CDA12,OAT,"Kiliccote, S, Piette, M. A., & Dudley, J. H. (2009). Northwest Open Automated Demand Response Technology Demonstration Project."
111,Target-T1284,,302 NE Northgate Way,Seattle,retail,Retail,,165667,,685,2000,,RTU,,,VAV,,"Turn off 50% of sales area lights, turn off two out of 12 roof- top units and decrease setpoints by 2 ºF",,,,"CDB10, CDA40",Average of similar day baseline,"Kiliccote, S, Piette, M. A., & Dudley, J. H. (2009). Northwest Open Automated Demand Response Technology Demonstration Project."
112,Target-T0637,,2800 SW Barton St.,Seattle,retail,Retail,,99471,,225,1990,,RTU,,,VAV,,"Turn off 50% of sales area lights, turn off two out of 12 roof- top units and decrease setpoints by 2 ºF",,,,"CDB10, CDA40",Average of similar day baseline,"Kiliccote, S, Piette, M. A., & Dudley, J. H. (2009). Northwest Open Automated Demand Response Technology Demonstration Project."
113,Seattle Municipal tower,SMT,700 Fifth Avenue,Seattle,office,Office,,1200000,,6168,1989,,48 AHU,,,690 VAV,,Decrease setpoints from 72 F to 68 F on selected 24 floors out of 62 floors. Cycle VAV boxes (690) and corresponding air handling units (AHUs) (48).,Set setpoints back 1F every 15 minutes and bring back quarter of the equipment on line every five minutes.,,,CDB10,Average of similar day baseline,"Kiliccote, S, Piette, M. A., & Dudley, J. H. (2009). Northwest Open Automated Demand Response Technology Demonstration Project."
114,Seattle University,SU,901 12th Avenue,Seattle,education,Education,,99840,,841,2001,,4 AHU,,,102 VAV,,Pre-heat at 5 am at 74 F (only on the day-ahead days because pending signal for day-of events are received at 6 am) Decrease set point to 68 F. Cycle cabinet heaters (7) and unit heaters (2) 20 minutes every 30 minute. Cycle through half of variable air volume (VAV)/Air terminal boxes (75) and AHU fans (4) every half hour. Set CO2 setpoint up by 200 ppm. Turn off hot water panel radiator.,"Return setpoints to original levels (maximum rate of setpoint change is 1F per 15 minutes) and turn half of units on, then turn remainder of units on five minutes later",,,CDB10,Average of similar day baseline,"Kiliccote, S, Piette, M. A., & Dudley, J. H. (2009). Northwest Open Automated Demand Response Technology Demonstration Project."
115,NY Office 1,,,NY,office,Office,0.51,160000,1400000,6190,,,,,"3@1350 ton
1@900 ton",CAV with reheat,,Table 4 summarized,,,,"CDB10, CDA40, CDA13",NYISO's Weather-Sensitive Customer Baseline6,"Kim, Joyce Jihyun, Rongxin Yin, and Sila Kiliccote. 2013. LBNL-6470E Automated Demand Response Technologies and Demonstration in New York City Using OpenADR."
116,NY Office 2,,,NY,office,Office,0.52,1700000,,3940,,,,,"1@2300 ton
1@2100 ton
1@1600 ton",VAV with reheat,,,,,,"CDB10, CDA40, CDA13",NYISO's Weather-Sensitive Customer Baseline7,"Kim, Joyce Jihyun, Rongxin Yin, and Sila Kiliccote. 2013. LBNL-6470E Automated Demand Response Technologies and Demonstration in New York City Using OpenADR."
117,NY Office 3,,,NY,office,Office,,1400000,,4640,,,VSD,,1@400 ton,VAV with reheat,,,,,,"CDB10, CDA40, CDA13",NYISO's Weather-Sensitive Customer Baseline8,"Kim, Joyce Jihyun, Rongxin Yin, and Sila Kiliccote. 2013. LBNL-6470E Automated Demand Response Technologies and Demonstration in New York City Using OpenADR."
118,NYU,,,NY,campus,Education,0.39,122000,,600,,,VSD,,1@400 ton,VAV with reheat,,,,,,"CDB10, CDA40, CDA13",NYISO's Weather-Sensitive Customer Baseline9,"Kim, Joyce Jihyun, Rongxin Yin, and Sila Kiliccote. 2013. LBNL-6470E Automated Demand Response Technologies and Demonstration in New York City Using OpenADR."