site_id,site_name,data_source,short_name,construction,year_built,year_renovated,zip_code,city,state,CEC_CZ,ASHRAE_CZ,bldg_type_sub,bldg_type,number_floor,total_floor_area_ft2,conditioned_floor_area_ft2,peak_kW,hvac_type,hvac_plant,hvac_type_desc,hvac_plant_desc,hvac_capacity,hvac_system,hvac_size_tons_sf,dr_strategy_implemented_1,dr_strategy_implemented_2,dr_strategy_implemented_3,dr_strategy_implemented_4,measure_code,baseline_model,reference
1,300 Capitol Mall,field-testing,300 CMall,,1984,1996,95814,Sacramento,CA,12,3B,Office,Office,1,426000,383000,1580,Chiller + AHU + VAV,,6 AHU with economizer,centrifugal chiller,1@2398 ton,VAV with perimeter reheat,,"Chilled water temp 44 ¡F to 47 ¡F
Annex building modify monitored average zone temp down by 1.5 ¡F
Supply fan VFD* lock
Loading deck fan off
Lobby lights off
Fountain pump off","Chilled water temp to 55 ¡F
Annex building avg. zone temp down 3 ¡F",,,"CDB10, CDB20, CDA13, CDA11, CDA40",OAT_MA,"Piette, M. A., Watson, D. S., Motegi, N., & Bourassa, N. (2005). Automated Demand Response and Commissioning."
2,Albertsons,field-testing,Albertsons,,1928,,94602,Oakland,CA,3,3C,Supermarket,Supermarket,1,50000,50000,450,Package RTU,,,,,,,Overhead light 35% off,Anti-sweat door heater night-mode,,,CDA40,OAT_MA,"Piette, M. A., Watson, D. S., Motegi, N., & Bourassa, N. (2005). Automated Demand Response and Commissioning."
3,Bank of America Concord Data Center,field-testing,B of A,,1985,,94520,Concord,CA,12,3B,Bank office,Office,3,616000,708000,5380,Chiller + AHU + VAV,,52 AHU 104 variable speed fans,"VSD chiller, 3 primary CV pumps, 3 secondary VSD pumps","1@300 ton
1@800 ton
1@1200 ton",sigle duct VAV with perimeter electric reheat,,"Supply air temp reset 55 ¡F to 59 ¡F
Duct static pressure 2.2 IWC to 1.8 IWC",Supply air temp reset to 59 ¡F,,,"CDB40, CDB50",OAT_MA,"Piette, M. A., Watson, D. S., Motegi, N., & Bourassa, N. (2005). Automated Demand Response and Commissioning."
4,Joe Serna Jr. Cal/EPA Headquarters Building,field-testing,Cal EPA,steel frame,2000,,95814,Sacramento,CA,12,3B,Office,Office,1,950000,950000,1990,Chiller + AHU + VAV,,,,,,,Duct static pressure 1.0 IWC 7 0.5 IWC,Turn off light where daylight is available,,,CDB50,OAT_MA,"Piette, M. A., Watson, D. S., Motegi, N., & Bourassa, N. (2005). Automated Demand Response and Commissioning."
5,CANMET Energy Technology Centre - Varennes,field-testing,CETC,,,,,Varennes,"Quebec, (Canada)",#N/A,#N/A,Research Facility,Office,1,45000,18000,240,Chiller + AHU + VAV,,"12 supply fans, 6 return fans/ 75kW/75hp . 60000CFM VFD",chiller,"2@70ton
a iced bank of 70t",,,"Unload chiller and cool with ice storage
Two air handling units off
Electric humidifier off",,,,CDA11,OAT_MA,"Piette, M. A., Watson, D. S., Motegi, N., & Bourassa, N. (2005). Automated Demand Response and Commissioning."
6,Cisco Systems,field-testing,Cisco,,1999,,95134,San Jose,CA,4,3C,Office/Tech Lab,Office,24,4466000,4466000,27860,Chiller + AHU + VAV,,4 sets of supply fans(75-100hp) and return fans (25-30hp) for each building,"2-3 chiller units (400-650tons)
for each building","2-3 chiller units (400-650tons)
for each building",,,"VAV zone setup 2 ¡F 
Computer Room AH setup 2 ¡F
Boiler pump off & stairwell fan-coils off
Boiler pump off & stairwell fan-coils off 
Sweep lighting where daylight is available. 
Stairwell, lobby, hallway lights off",,,,"CDB10, CDA40",OAT_MA,"Piette, M. A., Watson, D. S., Motegi, N., & Bourassa, N. (2005). Automated Demand Response and Commissioning."
7,Contra Costa County 50 Douglas,field-testing,50 Douglas,,1985,,94553,Martinez,CA,3,3C,Office,Office,1,90000,90000,500,Package RTU + VAV,,3 roof top paskage units with DX cooling,"75 ton has 4 equal compressor stage, 90ton unit has 6 equal compressor stage","2@75 ton
1@90 ton",sigle duct VAV with perimeter electric reheat,,Global zone setup 76 ¡F to 78 ¡F,Global zone setup to 80 ¡F,,,CDB10,OAT_MA,"Piette, M. A., Watson, D. S., Motegi, N., & Bourassa, N. (2005). Automated Demand Response and Commissioning."
8,Contra Costa County Summit Center,field-testing,Summit Ctr,,1985,,94553,Martinez,CA,3,3C,Office,Office,1,131000,131000,500,Package RTU + VAV,,4 roof top paskage units with DX cooling,each unit has 8 equal compressor stage,4@60 ton,sigle duct VAV with perimeter electric reheat,,Global zone setup 76 ¡F 7 78 ¡F,"Global zone setup 7 80 ¡F
2 of 3 Rooftop units off Lobby
common area light off",,,CDB10,OAT_MA,"Piette, M. A., Watson, D. S., Motegi, N., & Bourassa, N. (2005). Automated Demand Response and Commissioning."
9,Echelon San Jose Headquarter,field-testing,Echelon,steel frame,2001,,95126,San Jose,CA,4,3C,Office,Office,1,75000,75000,410,Package RTU + VAV,,total 4800 yond og packed units with VFD,,1@4800 ton,,,"Zone set point increase
Dim office lighting",2 of 3 Rooftop units off Lobby,,,"CDB10, CDA40",OAT_MA,"Piette, M. A., Watson, D. S., Motegi, N., & Bourassa, N. (2005). Automated Demand Response and Commissioning."
10,GSA Phillip Burton San Francisco Federal Building,field-testing,450 GG,,1964,2000,94102,San Francisco,CA,3,3C,Federal Office,Office,1,1424000,1424000,2130,Chiller + AHU + VAV,,"8 AHU, VFD at supply and return fans (partially constant volume), courtrooms are by 13 package units","3 water-cooled chillers, a air-cooled chillers, 6 cooling towers",,dual duct VAV,,"Global zone setup 72 ¡F to 74 ¡F
Global zone setback 70 ¡F to 68 ¡F",Global zone setup to 78 ¡F,,,"CDB10, CDB11",OAT_MA,"Piette, M. A., Watson, D. S., Motegi, N., & Bourassa, N. (2005). Automated Demand Response and Commissioning."
11,GSA National Archives & Records Administration,field-testing,NARA,,1973,,94066,San Bruno,CA,3,3C,Archive Storage,Office,1,238000,202000,280,Chiller + AHU + VAV,,15 AHU (SF/RF set) 10-40 hp VFD (3 of them),"water cooled chillers, 2 hp pumps, one rooftop unit, 5 hp","2@30 ton
1@50 ton",,,Global zone setup 75 ¡F to 76 ¡F,Global zone setup to 78 ¡F,,,CDB10,OAT_MA,"Piette, M. A., Watson, D. S., Motegi, N., & Bourassa, N. (2005). Automated Demand Response and Commissioning."
12,GSA Ronald V. Dellums Oakland Federal Building,field-testing,OFB,steel frame,1993,,94612,Oakland,CA,3,3C,Federal Office,Office,1,1105000,978000,4100,Chiller + AHU + VAV,,"11 AHU 
22 varaible speed fans
47 smaller CV fans",chillers,"3@980 ton
2@450 ton","perimeter: dual duct VAV with reheat
core: single duct VAV without reheat",,"Global zone setup 72 ¡F to 76 ¡F
Global zone setback 70 ¡F to 68 ¡F","Global zone setup to 78 ¡F
Global zone setback to 66 ¡F",,,"CDB10, CDB11",OAT_MA,"Piette, M. A., Watson, D. S., Motegi, N., & Bourassa, N. (2005). Automated Demand Response and Commissioning."
13,Kadant Grantek,field-testing,Kadant,,1989,,54304,Green Bay,Wisconsin,#N/A,6A,Material Process,Industrial,1,100000,0,1440,Chiller + AHU + VAV,,,,,,,Transfer pump off,,,,CDA13,OAT_MA,"Piette, M. A., Watson, D. S., Motegi, N., & Bourassa, N. (2005). Automated Demand Response and Commissioning."
14,Monterey Commerce Center,field-testing,Monterey,concrete,1998,,93940,Monterey,CA,3,3C,Commercial,Office,1,170000,170000,N/A,Package RTU + VAV,,4 RTU,,,VAV,,Lobby lights 33% off,,,,CDA40,OAT_MA,"Piette, M. A., Watson, D. S., Motegi, N., & Bourassa, N. (2005). Automated Demand Response and Commissioning."
15,OSIsoft,field-testing,OSIsoft,,2014,,94577,San Leandro,CA,3,3C,Office,Office,1,60000,60000,300,Package RTU + VAV,,3 RTU,,"2@60 ton
1@30 ton",,,Global zone setup 72 ¡F to 76 ¡F,Global zone setup to 78 ¡F,,,CDB10,OAT_MA,"Piette, M. A., Watson, D. S., Motegi, N., & Bourassa, N. (2005). Automated Demand Response and Commissioning."
16,Roche Palo Alto,field-testing,Roche,,1965,,94304,Palo Alto,CA,4,3C,"Cafeteria
Auditorium",Restaurant,3,192000,192000,750,Chilller + AHU + CAV,,constant volume fans,chilled water is supplied by cental plant outside of the buildings,,,,Building-A2 supply fans off (50%),"Building-FS supply fans off (50%)
Building-SS supply fans off (50%)",,,CDA11,OAT_MA,"Piette, M. A., Watson, D. S., Motegi, N., & Bourassa, N. (2005). Automated Demand Response and Commissioning."
17,UC Santa Barbara Davidson Library,field-testing,UCSB,,1926,2016,93117,Santa Barbara,CA,5,3C,Library,Library,1,289000,289000,1090,Chilller + AHU + CAV,,,virtual central plant,,,,"Supply fan VFD 70% limit 
Economizer 100% open","Supply fan VFD 60% limit
Duct static pressure reset 0.4 IWC (partial) 
Heating/cooling valve close",,,"CDA11, CDB50",OAT_MA,"Piette, M. A., Watson, D. S., Motegi, N., & Bourassa, N. (2005). Automated Demand Response and Commissioning."
18,"US Postal Service, San Jose Process & Distribution Center",field-testing,USPS,concrete,1998,,95110,San Jose,CA,4,3C,Distribution Center,,1,390000,390000,1630,Chilller + AHU + CAV,,"constant volume package DX units: 17.5 tons (210 MBH), 5.0 tons(60MBH)","Chillers: 364 tons x2,Constant volume CW Pumps: 20 HP x3, Constant volumeCHW Pumps: 30 HP x3, Constant Volume CHW booster pump: 10 HP x1, Constant volume Cooling tower: 2 motors in each unit (40 HP/10 HP)",2@364 ton,,,Chiller demand 75% limit,Chiller demand 50% limit,,,CDA12,OAT_MA,"Piette, M. A., Watson, D. S., Motegi, N., & Bourassa, N. (2005). Automated Demand Response and Commissioning."
19,Alameda County Water,field-testing,ACWD,,1914,,94538,Fremont,CA,3,3C,"Office, lab",Office+Lab,1,51200,51200,347,Package RTU + VAV,,,,,,,None.,"Boiler disabled
CHW setpoint raised to 50 ¡F
Current limiting to 70%. 
SAT increased from 55 ¡F to 65 ¡F for AHUs 1, 2, 3 and Lab AHU.
DSP setpoint decreased from 1.5"" to 1.0"".
Zone setpoint increased to 75 ¡F.",Zone setpoint increased to 78 ¡F,Extend shed control 2 hours(until 8 pm),"CDB10, CDB20, CDB40, CDB50",OAT_MA,"Piette, M. A., D. Watson, N. Motegi, S. Kiliccote, and P. Xu. 2006. Automated Critical Peak Pricing Field Tests: Program Description and Results."
20,"Bank of America, Concord Technology Center",field-testing,B of A,,1985,,94520,Concord,CA,12,3B,"Office, data center",Office+DataCenter,4,616000,708000,5680,Chiller + AHU + VAV,,Single Duct VAV with perimeter reheat,"Qty 5, 750 Ton & Qty 1, 300 Ton Electric Centrifugal Chillers",,,,None.,None.,"Reduce DSP from 2.2"" to 1.4"".
Lock fan VFD 3 minutes after the DSP reset.
CHW setpoint increased
5 ¡F at the secondary loop.Lock cooling valve position at the AHU.",None.,"CDA11, CDB20, CDB50, CDB60",OAT_MA,"Piette, M. A., D. Watson, N. Motegi, S. Kiliccote, and P. Xu. 2006. Automated Critical Peak Pricing Field Tests: Program Description and Results."
21,"Chabot Space and Science Center, Building 1&2",field-testing,Chabot,,2000,,94619,Oakland,CA,3,3C,Museum,Museum,2,86000,86000,333,Package RTU + VAV,,,,,,,"Free cooling when the OAT is below 62 ¡F
Pre-cooling until noon at 70 ¡F average
zone temp.","Drift zone setpoint to 74 ¡F, 4/3 ¡F each hour","Drift zone setpoint to 78F, 4/3 ¡F each hour",None.,"CDB10, CDB11",OAT_MA,"Piette, M. A., D. Watson, N. Motegi, S. Kiliccote, and P. Xu. 2006. Automated Critical Peak Pricing Field Tests: Program Description and Results."
22,"Contra Costa County, 2530 Arnold",field-testing,2530 Arnold,,1987,,94553,Martinez,CA,3,3C,Office,Office,1,131000,131000,528,Package RTU + VAV,,Single Duct VAV with perimeter reheat,"4 roof top package units with DX cooling, 60 Tons each",Each 60 Ton units have 8 equal compressor stages,,,None.,Zone setpoint increased 2 ¡F. (76 ¡F to 78 ¡F),Zone setpoint 4 ¡F up. (80 ¡F),VAV boxes are released one by one over a short interval.,CDB10,OAT_MA,"Piette, M. A., D. Watson, N. Motegi, S. Kiliccote, and P. Xu. 2006. Automated Critical Peak Pricing Field Tests: Program Description and Results."
23,"Contra Costa County, 50 Douglas",field-testing,50 Douglas,,1985,,94553,Martinez,CA,3,3C,Office,Office,1,90000,90000,422,Package RTU + VAV,,Single Duct VAV with perimeter reheat,3 roof top package units with DX cooling. Qty 2 at 75 Tons & one at 90 Tons,75 Ton units have 4 equal compressor stages 90 Ton unit has 6 equal compressor stages,,,None.,Zone setpoint increased 2 ¡F. (76 ¡F to 78 ¡F),Zone setpoint 4 ¡F up. (80 ¡F),VAV boxes are released one by one over a short interval.,CDB10,OAT_MA,"Piette, M. A., D. Watson, N. Motegi, S. Kiliccote, and P. Xu. 2006. Automated Critical Peak Pricing Field Tests: Program Description and Results."
24,"Echelon, San Jose Headquarter",field-testing,Echelon,,2001,,95126,San Jose,CA,4,3C,"Corporate
Headquarter",Office,1,75000,75000,403,Package RTU + VAV,,Single Duct VAV with perimeter reheat,"Total 4,800 tons of package units with VFD. One unit per floor. 
",,,,None.,"Hallway lighting turned off where there is ambient light
Daylit office lights turned off
Inner office lights dimmed to 20%","1 of 3 RTU turned off.
DSP reduced from 1.5"" to 0.8""
SAT increased from 55 to 65¡F.",None.,"CDA40, CDA12, CDB50, CDB40",OAT_MA,"Piette, M. A., D. Watson, N. Motegi, S. Kiliccote, and P. Xu. 2006. Automated Critical Peak Pricing Field Tests: Program Description and Results."
25,Fremont Unified School Irvington,field-testing,Irvington,,1961,,94538,Fremont,CA,3,3C,Highschool,School,1,186000,186000,N/A,Package RTU + VAV,,,,,,,"Precooling to 72 ¡F until
11:50 a.m.",Raise temperature to 78¡F until 2:50 p.m.,"Turn off systems at 2:50pm. School closes at
3pm. Office areas drift.",None.,"CDB10, CDB11",OAT_MA,"Piette, M. A., D. Watson, N. Motegi, S. Kiliccote, and P. Xu. 2006. Automated Critical Peak Pricing Field Tests: Program Description and Results."
26,"Gilead Science, 300 Lake",field-testing,Gilead 300,,1990,,94404,Foster City,CA,3,3C,Office,Office,1,83000,83000,N/A,Package RTU + VAV,,,,,,,"Shed control
starts at 11 am.","AHU increase SAT from 55¡F
to 65 ¡F.",Same as moderate price.,None.,"CDB10, CDB40",OAT_MA,"Piette, M. A., D. Watson, N. Motegi, S. Kiliccote, and P. Xu. 2006. Automated Critical Peak Pricing Field Tests: Program Description and Results."
27,"Gilead Science, 342 Lake",field-testing,Gilead 342,,1990,,94404,Foster City,CA,3,3C,"Office, Lab",Office+Lab,1,32000,32000,464,Package RTU + VAV,,,,,,,Shed control starts at 11 am,"AHU increase SAT from 55¡F to 65 ¡F.
Zone setpoint increase to 75¡F (70 - 75 ¡F normal).",Same as moderate price.,None.,"CDB10, CDB40",OAT_MA,"Piette, M. A., D. Watson, N. Motegi, S. Kiliccote, and P. Xu. 2006. Automated Critical Peak Pricing Field Tests: Program Description and Results."
28,"Gilead Science, 357 Lake",field-testing,Gilead 357,,1990,,94404,Foster City,CA,3,3C,"Office, Lab",Office+Lab,1,33000,33000,664,Package RTU + VAV,,,,,,,Shed control starts at 11 am,"AHU SAT increased from 55¡F to 65 ¡F.
Zone setpoint increased to 75¡F (70 - 75 ¡F normal).",Same as moderate price.,None.,"CDB10, CDB40",OAT_MA,"Piette, M. A., D. Watson, N. Motegi, S. Kiliccote, and P. Xu. 2006. Automated Critical Peak Pricing Field Tests: Program Description and Results."
29,IKEA East Palo Alto Store,field-testing,IKEA,,2000,,94303,Palo Alto,CA,4,3C,Retail,Retail,1,300000,300000,2238,Package RTU,,,,,,,None.,"Zone setpoint increased 2 ¡F
at each RTU.","Zone setpoints increased
to 76 ¡F.",None.,CDB10,OAT_MA,"Piette, M. A., D. Watson, N. Motegi, S. Kiliccote, and P. Xu. 2006. Automated Critical Peak Pricing Field Tests: Program Description and Results."
30,LBNL OSF,field-testing,LBNL OSF,,1999,,94612,Oakland,CA,3,3C,"Data center, Office",Office+DataCenter,1,90000,70000,2189,Chiller + AHU + VAV,,,,,,,"Zone setpoint - 0 to 2¡F decrease
in the morning for pre cooling.",Zone setpoint 2 - 6 ¡F up.,Zone setpoints increased a maximum of 6 ¡F up.,None.,"CDB10, CDB11",OAT_MA,"Piette, M. A., D. Watson, N. Motegi, S. Kiliccote, and P. Xu. 2006. Automated Critical Peak Pricing Field Tests: Program Description and Results."
31,"Oracle Corporation, Rocklin",field-testing,Oracle,,1998,,95765,Rocklin,CA,11,3B,Office,Office,2,100000,100000,808,Package RTU + VAV,,,,,,,None.,"DSP reduced 20% at supply fans.
Shut off 3 of 12 RTUs
in the sales area (building has 23 RTUs total).
Shut off 5 RTUs in the sales area after October 6th.
Limit chiller demand to 80%.","Zone setpoints increased 3¡F.
Turn off every fourth light fixture in the sales area.
Limit chiller demand to 65%.",None.,"CDA12, CDB10, CDB50, CDA40",OAT_MA,"Piette, M. A., D. Watson, N. Motegi, S. Kiliccote, and P. Xu. 2006. Automated Critical Peak Pricing Field Tests: Program Description and Results."
32,"Target, Hayward Store",field-testing,Target,,1902,,94541,Hayward,CA,3,3C,Retail,Retail,1,130000,130000,428,Package RTU + VAV,,,,,,,None.,,,None.,"CDB10, CDA40",OAT_MA,"Piette, M. A., D. Watson, N. Motegi, S. Kiliccote, and P. Xu. 2006. Automated Critical Peak Pricing Field Tests: Program Description and Results."
33,"United States Postal Service, San Jose Process and Distribution Center",field-testing,USPS,,1998,,95110,San Jose,CA,4,3C,Postal service,Office,1,390000,390000,1676,Chiller + AHU + VAV,,,,,,,None.,,,The chiller demand limit will be increased in 5% increments with 15-30 minutes per step change,CDA12,OAT_MA,"Piette, M. A., D. Watson, N. Motegi, S. Kiliccote, and P. Xu. 2006. Automated Critical Peak Pricing Field Tests: Program Description and Results."
34,"Bank of America, Concord",field-testing,Office/Data Center,,1985,,94520,Concord,CA,12,3B,"Office, data center",Office+DataCenter,4,616000,708000,5712,Chiller + AHU + VAV,,,,,,,,,,,"CDB20, CDB40, CDB50, CDB60, CDA11",OAT_MA,"Piette, M A, D Watson, N Motegi, S Kiliccote, Mary Ann Piette, David Watson, Naoya Motegi, and Sila Kiliccote. 2007. Automated Critical Peak Pricing Field Tests: 2006 Pilot Program Description and Results."
35,Chabot Space and Science Center,field-testing,Chabot,,2000,,94619,Oakland,CA,3,3C,Museum,Museum,2,86000,86000,336,Package RTU + VAV,,,,,,,,,,,"CDB10, CDB11",OAT_MA,"Piette, M A, D Watson, N Motegi, S Kiliccote, Mary Ann Piette, David Watson, Naoya Motegi, and Sila Kiliccote. 2007. Automated Critical Peak Pricing Field Tests: 2006 Pilot Program Description and Results."
36,MDF,field-testing,MDF,,1981,,94553,Martinez,CA,3,3C,Detention Facility,Special Facility,1,172300,172300,561,Chiller + AHU + VAV,,,,,,,,,,,CDB10,OAT_MA,"Piette, M A, D Watson, N Motegi, S Kiliccote, Mary Ann Piette, David Watson, Naoya Motegi, and Sila Kiliccote. 2007. Automated Critical Peak Pricing Field Tests: 2006 Pilot Program Description and Results."
37,Fremont Unified School Centerville,field-testing,Centerville,,1980,,94536,Fremont,CA,3,3C,Junior High school,School,1,NA,NA,332,Package RTU + VAV,,,,,,,,,,,"CDB10, CDB11",OAT_MA,"Piette, M A, D Watson, N Motegi, S Kiliccote, Mary Ann Piette, David Watson, Naoya Motegi, and Sila Kiliccote. 2007. Automated Critical Peak Pricing Field Tests: 2006 Pilot Program Description and Results."
38,"IKEA, East Palo Alto Store",field-testing,IKEA,,2000,,94303,Palo Alto,CA,4,3C,Furniture retail,Retail Furniture,1,300000,300000,1191,Package RTU,,,,,,,,,,,CDB10,OAT_MA,"Piette, M A, D Watson, N Motegi, S Kiliccote, Mary Ann Piette, David Watson, Naoya Motegi, and Sila Kiliccote. 2007. Automated Critical Peak Pricing Field Tests: 2006 Pilot Program Description and Results."
39,"IKEA, Emeryville Store",field-testing,IKEA,,2000,,94608,Emeryville,CA,3,3C,Furniture retail,Retail Furniture,1,274000,274000,1466,Package RTU,,,,,,,,,,,CDB10,OAT_MA,"Piette, M A, D Watson, N Motegi, S Kiliccote, Mary Ann Piette, David Watson, Naoya Motegi, and Sila Kiliccote. 2007. Automated Critical Peak Pricing Field Tests: 2006 Pilot Program Description and Results."
40,Solectron Corporation,field-testing,Solectron,,1993,,95035,Milpitas,CA,3,3C,"Office, Manufacture",Office,9,499206,499206,4655,Chiller + AHU + VAV,,,,,,,,,,,CDB10,OAT_MA,"Piette, M A, D Watson, N Motegi, S Kiliccote, Mary Ann Piette, David Watson, Naoya Motegi, and Sila Kiliccote. 2007. Automated Critical Peak Pricing Field Tests: 2006 Pilot Program Description and Results."
41,Svenhard's Swedish Bakery,field-testing,Svenhard's,,1988,,94612,Oakland,CA,3,3C,Bakery,Restaurant,1,101000,101000,696,Package RTU,,,,,,,,,,,CDA40,OAT_MA,"Piette, M A, D Watson, N Motegi, S Kiliccote, Mary Ann Piette, David Watson, Naoya Motegi, and Sila Kiliccote. 2007. Automated Critical Peak Pricing Field Tests: 2006 Pilot Program Description and Results."
42,SYBASE,field-testing,Sybase,,2002,,94568,Pleasanton,CA,3,3C,Hi-tech office,Office,2,425000,425000,1995,Chiller + AHU + VAV,,,,,,,,,,,CDA40,OAT_MA,"Piette, M A, D Watson, N Motegi, S Kiliccote, Mary Ann Piette, David Watson, Naoya Motegi, and Sila Kiliccote. 2007. Automated Critical Peak Pricing Field Tests: 2006 Pilot Program Description and Results."
43,"Target, Antioch Store",field-testing,Target Antioch,,2004,,94531,Antioch,CA,12,3B,Retail,Retail,1,140686,140686,572,Package RTU,,,,,,,,,,,"CDB10, CDA11",OAT_MA,"Piette, M A, D Watson, N Motegi, S Kiliccote, Mary Ann Piette, David Watson, Naoya Motegi, and Sila Kiliccote. 2007. Automated Critical Peak Pricing Field Tests: 2006 Pilot Program Description and Results."
44,"Target, Bakersfield Store",field-testing,Target Bakersfield,,2000,,93304,Bakersfield,CA,13,3B,Retail,Retail,1,143941,143941,645,Package RTU,,,,,,,,,,,"CDB10, CDA11, CDA40",OAT_MA,"Piette, M A, D Watson, N Motegi, S Kiliccote, Mary Ann Piette, David Watson, Naoya Motegi, and Sila Kiliccote. 2007. Automated Critical Peak Pricing Field Tests: 2006 Pilot Program Description and Results."
45,Trane,field-testing,Trane,,2000,,95677,Rocklin,CA,11,3B,"Warehouse, office",Warehouse,,25000,,319.23,Package RTU + VAV,,Ten constant volume RTUÕs each with 2 stage compressors,,,,,"Precool, reset thermostat",,,,"CDB10, CDB11",OAT_MA,"Page, Janie, Sila Kiliccote, Han Dudley, Mary Ann Piette, Albert K. Chiu, Bashar Kellow, Ed Koch, and Paul Lipkin Akuacom. 2011. Automated Demand Response Technology Demonstration for Small and Medium Commercial Buildings."
46,LimeAmps,field-testing,LimeAmps,,,,95401,Santa Rosa,CA,2,3C,Convenience store,Retail,,3531,,33.83,Package RTU,,2 single stage constant volume 4 ton units; compressors at ground level,,,,,"Duty cycle HVAC, deli counter, and ice machine",,,,"CDA12, CDA30",OAT_MA,"Page, Janie, Sila Kiliccote, Han Dudley, Mary Ann Piette, Albert K. Chiu, Bashar Kellow, Ed Koch, and Paul Lipkin Akuacom. 2011. Automated Demand Response Technology Demonstration for Small and Medium Commercial Buildings."
47,LimeAmps Sebastopol,field-testing,LimeAmps,,,,95472,Sebastopol,CA,1,4C,Restaurant,Restaurant,,4200,,44.79,Package RTU,,3 packaged units: Two 5 ton units and one 4 ton unit,,,,,"Duty cycle HVAC, walk_in cooler",,,,"CDA12, CDA30",OAT_MA,"Page, Janie, Sila Kiliccote, Han Dudley, Mary Ann Piette, Albert K. Chiu, Bashar Kellow, Ed Koch, and Paul Lipkin Akuacom. 2011. Automated Demand Response Technology Demonstration for Small and Medium Commercial Buildings."
48,Our Home Spaces,field-testing,,,1990,,94945,Novato,CA,2,3C,Residential,Office,,800,,6.09,Package RTU,,,,,,,Reset thermostat,,,,CDB10,OAT_MA,"Page, Janie, Sila Kiliccote, Han Dudley, Mary Ann Piette, Albert K. Chiu, Bashar Kellow, Ed Koch, and Paul Lipkin Akuacom. 2011. Automated Demand Response Technology Demonstration for Small and Medium Commercial Buildings."
49,InThrMa,field-testing,,,1990,,94565,Pittsburg,CA,12,3B,Pre-school,Office,,18250,,56.96,Package RTU,,2 constant volume units,,,,,"Reset thermostats,
duty cycle appliances",,,,"CDB10, CDA30",OAT_MA,"Page, Janie, Sila Kiliccote, Han Dudley, Mary Ann Piette, Albert K. Chiu, Bashar Kellow, Ed Koch, and Paul Lipkin Akuacom. 2011. Automated Demand Response Technology Demonstration for Small and Medium Commercial Buildings."
50,Lutron,field-testing,Lutron,,1990,,94612,Oakland,CA,3,3C,Small office,Office,,20000,,71.38,Package RTU,,,,,,,Reduce lighting levels by zones,,,,CDA40,OAT_MA,"Page, Janie, Sila Kiliccote, Han Dudley, Mary Ann Piette, Albert K. Chiu, Bashar Kellow, Ed Koch, and Paul Lipkin Akuacom. 2011. Automated Demand Response Technology Demonstration for Small and Medium Commercial Buildings."
51,Enmetric,field-testing,Enmetric,,1990,,94303,Palo Alto,CA,4,3C,Small office,Office,,13000,,25.84,Package RTU,,,,,,,Control MELs (plug loads),,,,CDA30,OAT_MA,"Page, Janie, Sila Kiliccote, Han Dudley, Mary Ann Piette, Albert K. Chiu, Bashar Kellow, Ed Koch, and Paul Lipkin Akuacom. 2011. Automated Demand Response Technology Demonstration for Small and Medium Commercial Buildings."
52,EnergyETC,field-testing,EnergyETC,,1993,,94587,Union City,CA,3,3C,Small office,Office,,2200,,6.59,Package RTU,,One constant volume single compressor RTU,,,,,Reset thermostat,,,,CDB10,OAT_MA,"Page, Janie, Sila Kiliccote, Han Dudley, Mary Ann Piette, Albert K. Chiu, Bashar Kellow, Ed Koch, and Paul Lipkin Akuacom. 2011. Automated Demand Response Technology Demonstration for Small and Medium Commercial Buildings."
53,Applied Power Technologies,field-testing,Applied Power Technologies,,1974,,95008,Campbell,CA,4,3C,Small office,Office,,2070,,18.24,Package RTU,,"2 RTUÕs rated 20A and 16A, respectively",,,,,"Reduce lighting levels by zone, reset
thermostat",,,,"CDB10, CDA40",OAT_MA,"Page, Janie, Sila Kiliccote, Han Dudley, Mary Ann Piette, Albert K. Chiu, Bashar Kellow, Ed Koch, and Paul Lipkin Akuacom. 2011. Automated Demand Response Technology Demonstration for Small and Medium Commercial Buildings."
54,HD Supply,field-testing,,,1990,,93901,Salinas,CA,3,3C,"Food warehouse, small retail",Retail,,6000,,25.83,Package RTU,,,,,,,"Reset thermostat, duty cycle freezers,
control MELs",,,,"CDB10, CDA30",OAT_MA,"Page, Janie, Sila Kiliccote, Han Dudley, Mary Ann Piette, Albert K. Chiu, Bashar Kellow, Ed Koch, and Paul Lipkin Akuacom. 2011. Automated Demand Response Technology Demonstration for Small and Medium Commercial Buildings."
55,NetApp,field-testing,NetApp,,2013,,94089,Sunnyvale,CA,4,3C,data center,DataCenter,,101355,,816,Chiller + AHU + VAV,,,,,,,Space HVAC setpoints are raised to 78*F from 75*F. 50% of lights are turned off (and kept off by programming).,,,,"CDB10, CDA40",OAT_MA,"Ghatikar, G., Piette, M. A., Fujita, S., McKane, A., Dudley, J. H., Radspieler, A., É Shroyer, D. (2009). Demand Response and Open Automated Demand Response Opportunities for Data Centers. https://doi.org/10.2172/981725"
56,LBNL 50B,field-testing,,concrete,2012,2012,94720,Berkeley,CA,3,3C,data center,DataCenter,,5000,,550,Chiller + AHU + VAV,,NetApp,SDSC,UC Berkeley,,,"Server and CRAC unit shutdown
Load Shifting or Queuing IT jobs Ð Server idling
Temperature set point adjustment
Shutdown and idling of IT storage clusters",,,,"CDB10, CDA30",10/10 baselines with morning adjustment,"Ghatikar, Girish, Venkata Ganti, Nance Matson, and Mary Ann Piette. 2012. Demand Response Opportunities and Enabling Technologies for Data Centers: Findings from Field Studies."
57,San Diego Supercomputer Center,field-testing,SDSC,,1985,,92037,La Jolla,CA,7,3B,,DataCenter,,19000,,2300,Chiller + AHU + VAV,,,,,,,Load migration between heterogeneous systems.,,,,CDA30,10/10 baselines with morning adjustment,"Ghatikar, Girish, Venkata Ganti, Nance Matson, and Mary Ann Piette. 2012. Demand Response Opportunities and Enabling Technologies for Data Centers: Findings from Field Studies."
58,University of California,field-testing,UC Berkeley,,,,94702,Berkeley,CA,3,3C,,DataCenter,,10000,,1000,Chiller + AHU + VAV,,,,,,,Load migration between homogeneous systems6,,,,CDA30,10/10 baselines with morning adjustment,"Ghatikar, Girish, Venkata Ganti, Nance Matson, and Mary Ann Piette. 2012. Demand Response Opportunities and Enabling Technologies for Data Centers: Findings from Field Studies."
59,Three Carnegie Plaza,field-testing,,concrete,2003,,92408,San Bernardino,CA,10,3B,Office,Office,,83698,,311,Package RTU + VAV,,Packaged DX Units,,2 @ 50 Ton,VAV,,,,,,"CDB10, CDB11",AVHOAT,"Yin, Rongxin, Peng Xu, Mary Ann Piette, and Sila Kiliccote. 2010. ÒStudy on Auto-DR and Pre-Cooling of Commercial Buildings with Thermal Mass in California.Ó Energy and Buildings 42(7):967Ð75."
60,Two Carnegie Plaza,field-testing,,concrete,1990,,92408,San Bernardino,CA,10,3B,Office,Office,,68955,,293,Package RTU + VAV,,Packaged DX Units,,"2 @ 55 Ton
2 @ 50 Ton",VAV,,,,,,"CDB10, CDB11",AVHOAT,"Yin, Rongxin, Peng Xu, Mary Ann Piette, and Sila Kiliccote. 2010. ÒStudy on Auto-DR and Pre-Cooling of Commercial Buildings with Thermal Mass in California.Ó Energy and Buildings 42(7):967Ð75."
61,One Carnegie Plaza,field-testing,,concrete,1988,,92408,San Bernardino,CA,10,3B,Office,Office,,62800,,368,Package RTU + VAV,,Packaged DX Units,,"2 @ 55 Ton
2 @ 50 Ton",VAV,,,,,,"CDB10, CDB11",AVHOAT,"Yin, Rongxin, Peng Xu, Mary Ann Piette, and Sila Kiliccote. 2010. ÒStudy on Auto-DR and Pre-Cooling of Commercial Buildings with Thermal Mass in California.Ó Energy and Buildings 42(7):967Ð75."
62,One Carnegie Plaza (smaller one),field-testing,,concrete,1988,,92408,San Bernardino,CA,10,3B,Office,Office,,38808,,221,Package RTU + VAV,,Packaged DX Units,,"1 @ 50 Ton
1 @ 60 Ton",VAV,,,,,,"CDB10, CDB11",AVHOAT,"Yin, Rongxin, Peng Xu, Mary Ann Piette, and Sila Kiliccote. 2010. ÒStudy on Auto-DR and Pre-Cooling of Commercial Buildings with Thermal Mass in California.Ó Energy and Buildings 42(7):967Ð75."
63,One Vanderbilt,field-testing,,steel frame,1988,,92408,San Bernardino,CA,10,3B,Office,Office,,73730,,445,Package RTU + VAV,,Packaged DX Units,,"3 @ 55 Ton
1 @ 60 Ton",VAV,,,,,,"CDB10, CDB11",AVHOAT,"Yin, Rongxin, Peng Xu, Mary Ann Piette, and Sila Kiliccote. 2010. ÒStudy on Auto-DR and Pre-Cooling of Commercial Buildings with Thermal Mass in California.Ó Energy and Buildings 42(7):967Ð75."
64,One Parkside,field-testing,,steel frame,1993,,92408,San Bernardino,CA,10,3B,Office,Office,,70069,,342,Package RTU + VAV,,Packaged DX Units,,4 @ 55 Ton,VAV,,,,,,"CDB10, CDB11",AVHOAT,"Yin, Rongxin, Peng Xu, Mary Ann Piette, and Sila Kiliccote. 2010. ÒStudy on Auto-DR and Pre-Cooling of Commercial Buildings with Thermal Mass in California.Ó Energy and Buildings 42(7):967Ð75."
65,Lakeside Tower,field-testing,,steel frame,1990,,92408,San Bernardino,CA,10,3B,Office,Office,,112717,,558,Chiller + AHU + VAV,,Central Chiller (reciprocating),,2 @ 175 Ton,VAV,,,,,,"CDB10, CDB11",AVHOAT,"Yin, Rongxin, Peng Xu, Mary Ann Piette, and Sila Kiliccote. 2010. ÒStudy on Auto-DR and Pre-Cooling of Commercial Buildings with Thermal Mass in California.Ó Energy and Buildings 42(7):967Ð75."
66,Two Parkside,field-testing,,steel frame,2001,,92408,San Bernardino,CA,10,3B,Office (90%)+Classroom (10%),Office,,80750,,417,Package RTU + VAV,,Packaged DX Units,,2 @ 90 Ton,VAV,,,,,,"CDB10, CDB11",AVHOAT,"Yin, Rongxin, Peng Xu, Mary Ann Piette, and Sila Kiliccote. 2010. ÒStudy on Auto-DR and Pre-Cooling of Commercial Buildings with Thermal Mass in California.Ó Energy and Buildings 42(7):967Ð75."
67,Brier Corporate Center,field-testing,,steel frame,2005,,92408,San Bernardino,CA,10,3B,Office+Data Center,Office+DataCenter,,104501,,473,Package RTU + VAV,,Packaged DX Units,,"1 @ 80 Ton
2 @ 75 Ton",VAV,,,,,,"CDB10, CDB11",AVHOAT,"Yin, Rongxin, Peng Xu, Mary Ann Piette, and Sila Kiliccote. 2010. ÒStudy on Auto-DR and Pre-Cooling of Commercial Buildings with Thermal Mass in California.Ó Energy and Buildings 42(7):967Ð75."
68,Vanderbilt Plaza,field-testing,,steel frame,2002,,92408,San Bernardino,CA,10,3B,Office (75%)+Classroom (25%),Office,,119035,,563,Package RTU + VAV,,Packaged DX Units,,"2 @ 55 Ton
2 @ 50 Ton",VAV,,,,,,"CDB10, CDB11",AVHOAT,"Yin, Rongxin, Peng Xu, Mary Ann Piette, and Sila Kiliccote. 2010. ÒStudy on Auto-DR and Pre-Cooling of Commercial Buildings with Thermal Mass in California.Ó Energy and Buildings 42(7):967Ð75."
69,Inland Regional Center,field-testing,,concrete,1994,,92408,San Bernardino,CA,10,3B,Office (75%)+Auditorium (25%),Office,,81079,,524,Package RTU + VAV,,Packaged DX Units,,"2 @ 105 Ton
2 @ 90 Ton",VAV,,,,,,"CDB10, CDB11",AVHOAT,"Yin, Rongxin, Peng Xu, Mary Ann Piette, and Sila Kiliccote. 2010. ÒStudy on Auto-DR and Pre-Cooling of Commercial Buildings with Thermal Mass in California.Ó Energy and Buildings 42(7):967Ð75."
70,CHCCC,field-testing,Cigna,concrete,1999,,93277,Visalia,CA,13,3B,Office,Office,,87000,,700,Package RTU + VAV,,rooftop AHU,,8@ 50Ton,VAV,,The pre-cooling and zone temperature reset strategies,,,,"CDB10, CDB11",baseline days for each test day were selected based on similarity of peak outside air temperature,"Xu, P, Yin, R., Brown, C., & Kim, D. E. (2009). Demand Shifting with Thermal Mass in Large Commercial Buildings in a California Hot Climate Zone."
71,TCCSB,field-testing,TCCSB,steel frame,2000,,92408,San Bernadino,CA,10,3B,Office,Office,,104500,,500,Package RTU + VAV,,Packaged DX Units,,,VAV,,,,,,"CDB10, CDB11",baseline days for each test day were selected based on similarity of peak outside air temperature,"Xu, P, Yin, R., Brown, C., & Kim, D. E. (2009). Demand Shifting with Thermal Mass in Large Commercial Buildings in a California Hot Climate Zone."
72,Santa Rosa Federal Building,field-testing,,concrete,1975,,95404,Santa Rosa,CA,2,3C,Office,Office,,80000,,350,Chiller + AHU + VAV,,chiller,,"3@ 75Ton
2@ 60Ton",VAV,,The pre-cooling and zone temperature reset strategies,,,,"CDB10, CDB11",baseline days for each test day were selected based on similarity of peak outside air temperature,"Xu, Peng, Haves, P., Piette, M., Berkeley National Laboratory, L., Zagreus, L., & of California at Berkeley, U. (2006). DEMAND SHIFTING WITH THERMAL MASS IN LARGE COMMERICAL BUILDINGS: FILED TESTS, SIMULATIONS AND AUDITS California Energy Commission."
73,McCuen Center One,field-testing,McCuen Properties,concrete,2001,,95864,Sacramento,CA,12,3B,Office+courtroom,Office,,84000,,300,Package RTU + VAV,,rooftop package units,,,VAV,,The pre-cooling and zone temperature reset strategies,,,,"CDB10, CDB11",baseline days for each test day were selected based on similarity of peak outside air temperature,"Xu, Peng, Haves, P., Piette, M., Berkeley National Laboratory, L., Zagreus, L., & of California at Berkeley, U. (2006). DEMAND SHIFTING WITH THERMAL MASS IN LARGE COMMERICAL BUILDINGS: FILED TESTS, SIMULATIONS AND AUDITS California Energy Commission."
74,Retail C1,field-testing,Retail C1,,,,92101,San Diego,CA,7,3B,retail,Retail,,4000,,31,Package RTU,,4 RTUs,,,,,Pre-cool to 70 DegF 1 hr prior to the event,"Increase zone temperature setpoint to 78 DegF, turn
fans to AUTO mode, group RTUs by two's and15 min. duty cycle. Turn off 50% of 89-Watt fluorescent fixtures and 100% 32-Watt fluorescent U-tube
fixtures. Shut off hot water heater.","Stagger out slowly to
avoid a rebound",,"CDB10, CDA12, CDA40","CBP baseline model
Morning adjusted CBP
OAT regression","Schwarzenegger, A. (2008). AUTOMATION OF CAPACITY BIDDING WITH AN AGGREGATOR USING OPEN AUTOMATED DEMAND RESPONSE PIER FINAL PROJECT REPORT California Energy Commission."
75,Retail C2,field-testing,Retail C2,,,,92101,San Diego,CA,7,3B,retail,Retail,,5800,,59,Package RTU,,4 RTUs,,,,,Pre-cool to 70 DegF 1 hr prior to the event,"Increase zone temperature setpoint to 78 DegF, turn fans to AUTO mode, group RTUs by two's and15 min. duty cycle. Turn off 75% of 89-Watt fluorescent fixtures and 50% 32-Watt fluorescent U-tube
fixtures. Shut off hot water heater.",Stagger out slowly to avoid a rebound,,"CDB10, CDA12, CDA40","CBP baseline model
Morning adjusted CBP
OAT regression","Schwarzenegger, A. (2008). AUTOMATION OF CAPACITY BIDDING WITH AN AGGREGATOR USING OPEN AUTOMATED DEMAND RESPONSE PIER FINAL PROJECT REPORT California Energy Commission."
76,Retail C3,field-testing,Retail C3,,,,92101,San Diego,CA,7,3B,retail,Retail,,5400,,62,Package RTU,,4 RTUs,,,,,Pre-cool to 70 DegF 1 hr prior to the event,"Increase zone temperature setpoint to 78 DegF, turn fans to AUTO mode, group RTUs by two's and 15 min. duty cycle. Turn off 50% of 89-Watt fluorescent fixtures and 100% 32-Watt fluorescent U-tube
fixtures. Shut off hot water heater.",Stagger out slowly to avoid a rebound,,"CDB10, CDA12, CDA40","CBP baseline model
Morning adjusted CBP
OAT regression","Schwarzenegger, A. (2008). AUTOMATION OF CAPACITY BIDDING WITH AN AGGREGATOR USING OPEN AUTOMATED DEMAND RESPONSE PIER FINAL PROJECT REPORT California Energy Commission."
77,Retail C4,field-testing,Retail C4,,,,92101,San Diego,CA,7,3B,retail,Retail,,5000,,40,Package RTU,,5 RTUs,,,,,Pre-cool to 70 DegF 1 hr prior to the event,"Increase zone temperature setpoint to 78 DegF, turn fans to AUTO mode, group RTUs by two's and 15 min. duty cycle. Turn off 50% of all lighting. Shut
off hot water heater.",Stagger out slowly to avoid a rebound,,"CDB10, CDA12, CDA40","CBP baseline model
Morning adjusted CBP
OAT regression","Schwarzenegger, A. (2008). AUTOMATION OF CAPACITY BIDDING WITH AN AGGREGATOR USING OPEN AUTOMATED DEMAND RESPONSE PIER FINAL PROJECT REPORT California Energy Commission."
78,Retail C5,field-testing,Retail C5,,,,92101,San Diego,CA,7,3B,retail,Retail,,4436,,10,Package RTU,,4 RTUs,,,,,Pre-cool to 70 DegF 1 hr prior to the event,"Increase zone temperature setpoint to 78 DegF, turn fans to AUTO mode, group RTUs by two's and 15 min. duty cycle. Turn off 50% of 89-Watt fluorescent fixtures and 100% 32-Watt fluorescent U-tube fixtures and 100% halogen fixtures. Shut off hot
water heater.",Stagger out slowly to avoid a rebound,,"CDB10, CDA12, CDA40","CBP baseline model
Morning adjusted CBP
OAT regression","Schwarzenegger, A. (2008). AUTOMATION OF CAPACITY BIDDING WITH AN AGGREGATOR USING OPEN AUTOMATED DEMAND RESPONSE PIER FINAL PROJECT REPORT California Energy Commission."
79,Retail C6,field-testing,Retail C6,,,,92101,San Diego,CA,7,3B,retail,Retail,,23000,,112,Package RTU,,1 AHU,,,,,Pre-cool to 70 DegF 1 hr prior to the event,"Increase zone temperature setpoint to 78 DegF, disable the baler, shut off hot water heater. Turn off 50% of 59-Watt fluorescent fixtures.",No,,"CDB10, CDA12, CDA40","CBP baseline model
Morning adjusted CBP
OAT regression","Schwarzenegger, A. (2008). AUTOMATION OF CAPACITY BIDDING WITH AN AGGREGATOR USING OPEN AUTOMATED DEMAND RESPONSE PIER FINAL PROJECT REPORT California Energy Commission."
80,GSA,field-testing,GSA,steel frame,1993,,94612,Oakland,CA,3,3C,Office,Office,,978000,,4100,Chiller + AHU + VAV,,Dual duct system. Fully DDC VAV boxes,3 water-cooled chillers 2 air-cooled chillers 6 cooling towers,,,,"Global zone set- point increase
Direct control of fans",,,,CDB10,"OAT regression (Whole-Building Level Method)
Component Level Method","Piette, M A, Watson, D. S., Motegi, N., & Bourassa, N. (2005). Findings from the 2004 Fully Automated Demand Response Tests in Large Facilities."
81,University of California at Merced,field-testing,UCM,,2005,,95340,Merced,CA,12,3B,,Education,,800000,,3000,Chiller + AHU + VAV,,,,,VAV,,chilled water storage + GTA,,,,"CDB10, CDA12","three-in-ten (3/10) baseline
morning-adjusted outside air
temperature regression (OAT_MA),","Granderson, J., Dudley, J. H., Kiliccote, S., & Piette, M. A. (2009). Chilled Water Storage System and Demand Response at the University of California at Merced and published in the Proceedings."
82,Taco Bell,field-testing,,,,,92675,San Juan Capistrano,CA,6,3B,restaurant,Restaurant,,2200,,10,Package RTU,,,,,,,precool+GTA,,,,"CDB10, CDB11","3/10_MA
OAT_MA
3/10","Kiliccote, S, Piette, M. A., Dudley, J. H., Koch, E., & Akuacom, D. H. (2009). Open Automated Demand Response for Small Commercial Buildings."
83,SDH,field-testing,UC Berkeley Sutardja Dai Hall,,2009,,94720,Berkeley,CA,3,3C,Large Commercial,Office,,141000,,480,Chiller + AHU + VAV,,,,,,,"Control of VAVs, fans, Lighting w/ a BAS",,,,"CDA40, CDA11","3/10_MA
OAT_MA
3/10","Kiliccote, Sila, Lanzisera, S., Liao, A., Schetrit, O., & Piette, M. A. (2014). Fast DR: Controlling Small Loads over the Internet."
84,Large Commercial 1,field-testing,SDH,,2009,,94720,Berkeley,CA,3,3C,Large Commercial,Office,,141000,,578,Chiller + AHU + VAV,,110,0.19,578.9473684,,,"Control of VAVs, fans, Lighting w/ a BAS",,,,"CDA40, CDA11","3/10_MA
OAT_MA
3/10","Kiliccote, Sila, Lanzisera, S., Liao, A., Schetrit, O., & Piette, M. A. (2014). Fast DR: Controlling Small Loads over the Internet."
85,Small Commercial 1,field-testing,Small Commercial 1,,2000,,95110,San Jose,CA,4,3C,Small Commercial 1,Office,,5900,,29.41,Package RTU + VAV,,5,0.17,29.41176471,,,"Control of Tstats
(Split system)",,,,CDB10,OAT,"Kiliccote, Sila, Lanzisera, S., Liao, A., Schetrit, O., & Piette, M. A. (2014). Fast DR: Controlling Small Loads over the Internet."
86,Small Commercial 2,field-testing,Small Commercial 2,,2000,,95110,San Jose,CA,4,3C,Small Commercial 2,Office,,6250,,18.08,Package RTU + VAV,,9.4,0.52,18.07692308,,,Control of Tstats,,,,CDB10,OAT,"Kiliccote, Sila, Lanzisera, S., Liao, A., Schetrit, O., & Piette, M. A. (2014). Fast DR: Controlling Small Loads over the Internet."
87,Small Commercial 3,field-testing,Small Commercial 3,,2000,,95110,San Jose,CA,4,3C,"Small Commercial
3",Office,,14400,,40,Package RTU + VAV,,14.8,0.37,40,,,Control of Tstats,,,,CDB10,OAT,"Kiliccote, Sila, Lanzisera, S., Liao, A., Schetrit, O., & Piette, M. A. (2014). Fast DR: Controlling Small Loads over the Internet."
88,Small Commercial 4,field-testing,Small Commercial 4,,2000,,95110,San Jose,CA,4,3C,Small Commercial 4,Office,,9500,,24.38,Package RTU + VAV,,3.9,0.16,24.375,,,Control of Tstats,,,,CDB10,OAT,"Kiliccote, Sila, Lanzisera, S., Liao, A., Schetrit, O., & Piette, M. A. (2014). Fast DR: Controlling Small Loads over the Internet."
89,Residential 1,field-testing,Residential 1,,2000,,95202,Stockton,CA,12,3B,Residential 1,Residential,,2076,,5.88,HVAC Split System,,5,0.85,5.882352941,,,"VRV limiting -
mini split system",,,,CDA12,OAT,"Kiliccote, Sila, Lanzisera, S., Liao, A., Schetrit, O., & Piette, M. A. (2014). Fast DR: Controlling Small Loads over the Internet."
90,Residential 2,field-testing,Residential 2,,2000,,95202,Stockton,CA,12,3B,"Residential
2",Residential,,1690,,3.75,HVAC Split System,,3,0.8,3.75,,,"compressor
off/on",,,,CDA12,OAT,"Kiliccote, Sila, Lanzisera, S., Liao, A., Schetrit, O., & Piette, M. A. (2014). Fast DR: Controlling Small Loads over the Internet."
91,Residential 3,field-testing,Residential 3,,2000,,95202,Stockton,CA,12,3B,"Residential
3",Residential,,1140,,3.75,HVAC Split System,,3,0.8,3.75,,,"compressor
off/on",,,,CDA12,OAT,"Kiliccote, Sila, Lanzisera, S., Liao, A., Schetrit, O., & Piette, M. A. (2014). Fast DR: Controlling Small Loads over the Internet."
92,Residential 4,field-testing,Residential 4,,2000,,94612,Oakland,CA,3,3C,Residential 4,Residential,,1400,,2,HVAC Split System,,0.5,0.25,2,,,,,,,CDA12,OAT,"Kiliccote, Sila, Lanzisera, S., Liao, A., Schetrit, O., & Piette, M. A. (2014). Fast DR: Controlling Small Loads over the Internet."
93,McKinstry,field-testing,McK,,1950,,98134,Seattle,WA,#N/A,4C,office,Office,,100000,,347,Package RTU + VAV,,23 RTU,,,7VAV+16 CAV,,Uniformly turn off half of the 23 roof-top units for 15 minutes and alternate with the remaining units every 15 minutes,Stage turning on equipment every 2 minutes,,,CDA12,OAT,"Kiliccote, S, Piette, M. A., & Dudley, J. H. (2009). Northwest Open Automated Demand Response Technology Demonstration Project."
94,Target-T1284,field-testing,Target,,,,98125,Seattle,WA,#N/A,4C,retail,Retail,,165667,,685,Package RTU,,RTU,,,VAV,,"Turn off 50% of sales area lights, turn off two out of 12 roof- top units and decrease setpoints by 2 ¼F",,,,"CDB10, CDA40",Average of similar day baseline,"Kiliccote, S, Piette, M. A., & Dudley, J. H. (2009). Northwest Open Automated Demand Response Technology Demonstration Project."
95,Target-T0637,field-testing,Target,,,,98126,Seattle,WA,#N/A,4C,retail,Retail,,99471,,225,Package RTU,,RTU,,,VAV,,"Turn off 50% of sales area lights, turn off two out of 12 roof- top units and decrease setpoints by 2 ¼F",,,,"CDB10, CDA40",Average of similar day baseline,"Kiliccote, S, Piette, M. A., & Dudley, J. H. (2009). Northwest Open Automated Demand Response Technology Demonstration Project."
96,Seattle Municipal tower,field-testing,SMT,,1990,,98104,Seattle,WA,#N/A,4C,office,Office,,1200000,,6168,Chiller + AHU + VAV,,48 AHU,,,690 VAV,,Decrease setpoints from 72 ¼F to 68 ¼F on selected 24 floors out of 62 floors. Cycle VAV boxes (690) and corresponding air handling units (AHUs) (48).,Set setpoints back 1¼ every 15 minutes and bring back quarter of the equipment on line every five minutes.,,,CDB10,Average of similar day baseline,"Kiliccote, S, Piette, M. A., & Dudley, J. H. (2009). Northwest Open Automated Demand Response Technology Demonstration Project."
97,Seattle University,field-testing,SU,,1990,,98122,Seattle,WA,#N/A,4C,education,Education,,99840,,841,Chiller + AHU + VAV,,4 AHU,,,102 VAV,,Pre-heat at 5 am at 74 ¼F (only on the day-ahead days because pending signal for day-of events are received at 6 am) Decrease set point to 68 ¼F. Cycle cabinet heaters (7) and unit heaters (2) 20 minutes every 30 minute. Cycle through half of variable air volume (VAV)/Air terminal boxes (75) and AHU fans (4) every half hour. Set CO2 setpoint up by 200 ppm. Turn off hot water panel radiator.,"Return setpoints to original levels (maximum rate of setpoint change is 1¼ per 15 minutes) and turn half of units on, then turn remainder of units on five minutes later",,,CDB10,Average of similar day baseline,"Kiliccote, S, Piette, M. A., & Dudley, J. H. (2009). Northwest Open Automated Demand Response Technology Demonstration Project."
98,NY Office 1,field-testing,,,1958,,10004,New York,NY,#N/A,4A,office,Office,,160000,1400000,6190,Chiller + AHU + VAV,,,,"3@1350 ton
1@900 ton",CAV with reheat,,Table 4 summarized,,,,"CDB10, CDA40, CDA13",NYISO's Weather-Sensitive Customer Baseline6,"Kim, Joyce Jihyun, Rongxin Yin, and Sila Kiliccote. 2013. LBNL-6470E Automated Demand Response Technologies and Demonstration in New York City Using OpenADR."
99,NY Office 2,field-testing,,,1986,,10281,New York,NY,#N/A,4A,office,Office,,1700000,,3940,Chiller + AHU + VAV,,,,"1@2300 ton
1@2100 ton
1@1600 ton",VAV with reheat,,,,,,"CDB10, CDA40, CDA13",NYISO's Weather-Sensitive Customer Baseline7,"Kim, Joyce Jihyun, Rongxin Yin, and Sila Kiliccote. 2013. LBNL-6470E Automated Demand Response Technologies and Demonstration in New York City Using OpenADR."
100,NY Office 3,field-testing,,,1964,,10019,New York,NY,#N/A,4A,office,Office,,1400000,,4640,Chiller + AHU + VAV,,VSD,,1@400 ton,VAV with reheat,,,,,,"CDB10, CDA40, CDA13",NYISO's Weather-Sensitive Customer Baseline8,"Kim, Joyce Jihyun, Rongxin Yin, and Sila Kiliccote. 2013. LBNL-6470E Automated Demand Response Technologies and Demonstration in New York City Using OpenADR."
101,NYU,field-testing,,,1910,,10003,New York,NY,#N/A,4A,campus,Office,,122000,,600,Chiller + AHU + VAV,,VSD,,1@400 ton,VAV with reheat,,,,,,"CDB10, CDA40, CDA13",NYISO's Weather-Sensitive Customer Baseline9,"Kim, Joyce Jihyun, Rongxin Yin, and Sila Kiliccote. 2013. LBNL-6470E Automated Demand Response Technologies and Demonstration in New York City Using OpenADR."
102,71 Stevenson,field-testing,71 Stevenson,,1987,,94105,San Francisco,CA,3,3C,office,Office,,323000,323000,1063,Chiller + AHU + VAV,,,,,,,global temperature adjustment of 4 ûF and static reset of 0.2 in. w.g.,,,,"CDB10, CDB50",10/10_MA_CBL,PGE ADR Project
103,CDPH Richmond Building P,field-testing,CDPH Richmond LEED Silver EStart 100,,2005,,94804,Richmond,CA,3,3C,State Government,Office,,205153,205153,1889,Chiller + AHU + VAV,,,,,,,"Global temperature adjustment of 78F, Reduce VFD speeds by 10%, Supply temperature reset of 4 degrees, Chiller water temperature increase of
6 degrees",,,,"CDB10, CDA11, CDB40, CDB20",10/10_MA_CBL,PGE ADR Project
104,CDPH Richmond Building A-K,field-testing,CDPH Richmond,,2009,,94804,Richmond,CA,3,3C,State Government,Office,,492000,492000,3497,Chiller + AHU + VAV,,,,,,,"Global temperature adjustment of 78F, Reduce VFD speeds by 10%, Supply temperature reset of 4 degrees, Chiller water temperature increase of
6 degrees",,,,"CDB10, CDA11, CDB40, CDB20",10/10_MA_CBL,PGE ADR Project
105,"Kilroy LP, 100 1st Street",field-testing,Kilroy LP,,1988,,94105,San Francisco,CA,3,3C,office,Office,,446490,446490,1598,Chiller + AHU + VAV,,,,,,,Reduce AHU and central plant demand to 50%,,,,"CDA11, CDA12",10/10_MA_CBL,PGE ADR Project
106,"Kilroy LP, 303 2nd Street",field-testing,Kilroy LP,,1988,,94107,San Francisco,CA,3,3C,office,Office,,740047,740047,2692,Chiller + AHU + VAV,,,,,,,Reduce AHU and central plant demand to 50%,,,,"CDA11, CDA12",10/10_MA_CBL,PGE ADR Project
107,"Kilroy LP, 370 3rd Street",field-testing,Kilroy LP,,1975,,94107,San Francisco,CA,3,3C,office,Office,,408331,408331,1407,Chiller + AHU + VAV,,,,,,,Reduce AHU and central plant demand to 50%,,,,"CDA11, CDA12",10/10_MA_CBL,PGE ADR Project
108,"Kilroy LP, 201 3rd Street",field-testing,Kilroy LP,,1983,,94107,San Francisco,CA,3,3C,office,Office,,346538,346538,881,Chiller + AHU + VAV,,,,,,,Reduce AHU and central plant demand to 50%,,,,"CDA11, CDA12",10/10_MA_CBL,PGE ADR Project
109,VISA 800 Metro Center,field-testing,Visa,,1996,,94404,Foster City,CA,3,3C,office,Office,,296086,296086,948,Chiller + AHU + VAV,,,,,,,"Raise temperature by 4 degrees, Lower duct static pressure, Dim down lights by 30%",,,,"CDB10, CDA40, CDB50",10/10_MA_CBL,PGE ADR Project
110,VISA 900 Metro Center,field-testing,Visa,,1993,,94404,Foster City,CA,3,3C,office,Office,,277767,277767,1308,Chiller + AHU + VAV,,,,,,,"Raise temperature by 4 degrees, Lower duct static pressure, Dim down lights by 40%",,,,"CDB10, CDA40, CDB50",10/10_MA_CBL,PGE ADR Project
111,VISA 801 Metro Center,field-testing,Visa,LEED,2002,,94404,Foster City,CA,3,3C,office,Office,,208398,208398,720,Chiller + AHU + VAV,,,,,,,"Raise temperature by 4 degrees, Lower duct static pressure, Dim down lights by 40%",,,,"CDB10, CDA40, CDB50",10/10_MA_CBL,PGE ADR Project
112,VISA 901 Metro Center,field-testing,Visa,,1999,,94404,Foster City,CA,3,3C,office,Office,,167436,167436,576,Chiller + AHU + VAV,,,,,,,"Raise temperature by 4 degrees, Lower duct static pressure, Dim down lights by 40%",,,,"CDB10, CDA40, CDB50",10/10_MA_CBL,PGE ADR Project
113,VISA 800 Metro Center GTA,field-testing,Visa,,1996,,94404,Foster City,CA,3,3C,office,Office,,296086,296086,948,Chiller + AHU + VAV,,,,,,,"Raise temperature by 4 degrees, Lower duct static pressure",,,,"CDB10, CDB50",10/10_MA_CBL,PGE ADR Project
114,VISA 900 Metro Center GTA,field-testing,Visa,,1993,,94404,Foster City,CA,3,3C,office,Office,,277767,277767,1308,Chiller + AHU + VAV,,,,,,,"Raise temperature by 4 degrees, Lower duct static pressure",,,,"CDB10, CDB50",10/10_MA_CBL,PGE ADR Project
115,VISA 801 Metro Center GTA,field-testing,Visa,LEED,2002,,94404,Foster City,CA,3,3C,office,Office,,208398,208398,720,Chiller + AHU + VAV,,,,,,,"Raise temperature by 4 degrees, Lower duct static pressure",,,,"CDB10, CDB50",10/10_MA_CBL,PGE ADR Project
116,VISA 901 Metro Center GTA,field-testing,Visa,,1999,,94404,Foster City,CA,3,3C,office,Office,,167436,167436,576,Chiller + AHU + VAV,,,,,,,"Raise temperature by 4 degrees, Lower duct static pressure",,,,"CDB10, CDB50",10/10_MA_CBL,PGE ADR Project
117,CA DGS Harris Building,field-testing,,,1998,,94612,"1515 CLAY ST, Oakland",CA,3,3C,Government offices,Office,,700589,700589,1760,Chiller + AHU + VAV,,,,,,,"Raise temperature by 4 degrees, Lower duct static pressure",,,,"CDB10, CDB50",10/10_MA_CBL,PGE ADR Project
118,JEWISH COMMUNITY CENTER,field-testing,,,1933,1991,94118,"3200 California Street, San Francisco",,3,3C,Community center,Office,,61750,61750,,Package RTU + VAV,,,,,,,,,,,CDB10,,PGE ADR Project
119,Alameda County Water District,field-testing,ACWD Office,,1914,,94538,Fremont,CA,3,3C,"Office, lab",Office+Lab,1,51200,51200,347,Chiller + AHU + VAV,,,,,,,None.,"Boiler disabled
CHW setpoint raised to 50 ¡F
Current limiting to 70%. 
SAT increased from 55 ¡F to 65 ¡F for AHUs 1, 2, 3 and Lab AHU.
DSP setpoint decreased from 1.5"" to 1.0"".
Zone setpoint increased to 75 ¡F.",Zone setpoint increased to 78 ¡F,Extend shed control 2 hours(until 8 pm),"CDB10, CDB20, CDB40, CDB50",OAT_MA,"Piette, M. A., D. Watson, N. Motegi, S. Kiliccote, and P. Xu. 2006. Automated Critical Peak Pricing Field Tests: Program Description and Results."
120,Cinemark Yuba City,field-testing,,,2006,,95993,Yuba City,CA,11,3B,theater,theater,,38934,38934,161,Package RTU,,,,,,,cycle on and off,,,,CDA12,OAT_MA,PGE ADR Project
121,Cinemark Redwood City,field-testing,,,2006,,94063,"825 Middlefield Rd, Redwood City",CA,3,3C,theater,theater,,32494,32494,190,Package RTU,,,,,,,cycle on and off,,,,CDA12,OAT_MA,PGE ADR Project
122,Cinemark Walnut Creek,field-testing,,,2003,,94596,"1201 Locust St, Walnut Creek",CA,12,3B,theater,theater,,50000,50000,378,Package RTU,,,,,,,cycle on and off,,,,CDA12,OAT_MA,PGE ADR Project
123,Cinemark Salinas,field-testing,,,2003,,93906,"350 Northridge Shopping Center, Salinas",CA,3,3C,theater,theater,,44068,44068,138,Package RTU,,,,,,,cycle on and off,,,,CDA12,OAT_MA,PGE ADR Project
124,Cinemark San Mateo,field-testing,,,2003,,94401,"320 East 2nd Avenue, San Mateo",CA,3,3C,theater,theater,,36880,36880,254,Package RTU,,,,,,,cycle on and off,,,,CDA12,OAT_MA,PGE ADR Project
125,Cinemark Vallejo,field-testing,,,1992,,94591,"109 Plaza Dr, Vallejo",CA,2,3C,theater,theater,,49772,49772,194,Package RTU,,,,,,,cycle on and off,,,,CDA12,OAT_MA,PGE ADR Project
126,Cinemark Tracy,field-testing,,,1996,,95304,"3300 N. Naglee Rd (West Valley Mall), Tracy",CA,12,3B,theater,theater,,41155,41155,228,Package RTU,,,,,,,cycle on and off,,,,CDA12,OAT_MA,PGE ADR Project
127,Cinemark San Francisco,field-testing,,,2006,,94103,"845 Market St, Suite 500, San Francisco",CA,3,3C,theater,theater,,53000,53000,316,Package RTU,,,,,,,cycle on and off,,,,CDA12,OAT_MA,PGE ADR Project
128,Cinemark Mountain View,field-testing,,,1985,,94043,"1500 N Shoreline Blvd, Mountain View",CA,4,3C,theater,theater,,74928,74928,328,Package RTU,,,,,,,cycle on and off,,,,CDA12,OAT_MA,PGE ADR Project
129,Cinemark Fremont,field-testing,,,2012,,94538,Fremont,CA,3,3C,theater,theater,,63230,63230,305,Package RTU,,,,,,,cycle on and off,,,,CDA12,OAT_MA,PGE ADR Project
130,County of Alameda - Glen Dyer Detention Facility,field-testing,661 Washington St.,,1964,1995,94607,Oakland,CA,3,3C,Government offices,Office,,183856,183856,851,Chiller + AHU + VAV,,,,,,,"Raise temperature by 4 degrees, Lower duct static pressure",,,,"CDB10, CDB50",10/10_MA_CBL,PGE ADR Project
131,County of Alameda - Rene Davidson Courthouse,field-testing,1225 Fallon St.,,1934,,94612,Oakland,CA,3,3C,Government offices,Office,,256019,256019,700,Chiller + AHU + VAV,,,,,,,"Raise temperature by 4 degrees, Lower duct static pressure",,,,"CDB10, CDB50",10/10_MA_CBL,PGE ADR Project
132,County of Alameda - Administration Building,field-testing,1221 Oak St.,,1966,,94606,Oakland,CA,3,3C,Government offices,Office,,209685,209685,622,Chiller + AHU + VAV,,,,,,,"Raise temperature by 4 degrees, Lower duct static pressure",,,,"CDB10, CDB50",10/10_MA_CBL,PGE ADR Project
133,County of Alameda - SSA Broadway,field-testing,401 Broadway,,1960,,94607,Oakland,CA,3,3C,Government offices,Office,,59952,59952,250,Package RTU + VAV,,,,,,,"Raise temperature by 4 degrees, Lower duct static pressure",,,,"CDB10, CDB50",10/10_MA_CBL,PGE ADR Project
134,County of Alameda - Madison St. Building,field-testing,1106 Madison St.,,1960,,94607,Oakland,CA,3,3C,Government offices,Office,,87936,87936,246,Package RTU + VAV,,,,,,,"Raise temperature by 4 degrees, Lower duct static pressure",,,,"CDB10, CDB50",10/10_MA_CBL,PGE ADR Project
135,County of Alameda - Probation Center Annex,field-testing,400 Broadway,,1907,,94607,Oakland,CA,3,3C,Government offices,Office,,61167,61167,197,Package RTU + VAV,,,,,,,"Raise temperature by 4 degrees, Lower duct static pressure",,,,"CDB10, CDB50",10/10_MA_CBL,PGE ADR Project
136,County of Alameda - Courthouse Square,field-testing,24085 Amador St.,,1965,,94544,Hayward,CA,3,3C,Government offices,Office,,47460,47460,148,Package RTU + VAV,,,,,,,"Raise temperature by 4 degrees, Lower duct static pressure",,,,"CDB10, CDB50",10/10_MA_CBL,PGE ADR Project
137,County of Contra Costa 2500 Alhambra,field-testing,,,1998,,94553,"2500 ALHAMBRA AVE, Martinez",CA,3,3C,Hospital,Office,,,,,Chiller + AHU + VAV,,,,,,,,,,,CDB10,10/10_MA_CBL,PGE ADR Project
138,County of Contra Costa 30 Douglas,field-testing,,,1988,,94553,"30 DOUGLAS DR, Martinez",CA,3,3C,Government offices,Office,,35305,35305,,Package RTU + VAV,,,,,,,,,,,CDB10,10/10_MA_CBL,PGE ADR Project
139,County of Contra Costa 651 Pine,field-testing,,,1954,will be demolished 2021,94553,"651 PINE ST, Martinez",CA,3,3C,Government offices,Office,,20000,20000,,Package RTU + VAV,,,,,,,,,,,CDB10,10/10_MA_CBL,PGE ADR Project
140,County of Contra Costa 595 Center,field-testing,,,1985,,94553,"595 CENTER AVE, Martinez",CA,3,3C,Government offices,Office,,42544,42544,,Package RTU + VAV,,,,,,,,,,,CDB10,10/10_MA_CBL,PGE ADR Project
141,County of Contra Costa 597 Center,field-testing,,,1985,,94553,"597 CENTER AVE, Martinez",CA,3,3C,Government offices,Office,,51406,51406,,Package RTU + VAV,,,,,,,,,,,CDB10,10/10_MA_CBL,PGE ADR Project
142,County of Contra Costa 4545 Delta,field-testing,,,1988,,94509,"4545 DELTA FAIR BLVD, Martinez",CA,12,3B,Government offices,Office,,52734,52734,,Package RTU + VAV,,,,,,,,,,,CDB10,10/10_MA_CBL,PGE ADR Project
143,County of Contra Costa 1000 Ward,field-testing,,,1988,,94553,"1000 WARD ST, Martinez",CA,3,3C,Government offices,Office,,51000,51000,,Package RTU + VAV,,,,,,,,,,,CDB10,10/10_MA_CBL,PGE ADR Project
144,County of Contra Costa 40 Douglas,field-testing,,,1991,,94553,"40 DOUGLAS DR, Martinez",CA,3,3C,Government offices,Office,,34554,34554,,Package RTU + VAV,,,,,,,,,,,CDB10,10/10_MA_CBL,PGE ADR Project
145,County of Contra Costa 50 Douglas,field-testing,,,1985,,94553,"50 DOUGLAS DR, Martinez",CA,3,3C,Government offices,Office,,92024,92024,,Package RTU + VAV,,,,,,,,,,,CDB10,10/10_MA_CBL,PGE ADR Project
146,County of San Mateo 400 County,field-testing,,,1950,,94063,"400 County Center, Redwood City",CA,3,3C,Government offices,Office,,42000,42000,204,Package RTU + VAV,,,,,,,"Raise temperature by 4 degrees, Lower duct static pressure",,,,"CDB10, CDB50",10/10_MA_CBL,PGE ADR Project
147,Kaiser Walnut Creek Lennon,field-testing,,,1986,,94598,"501 LENNON LN, Walnut Creek",CA,12,3B,General Office,Office,,98950,98950,289,Package RTU + VAV,,,,,,,,,,,CDB10,10/10_MA_CBL,PGE ADR Project
148,Kaiser Pleasanton,field-testing,,,1998,,94588,"4480 HACIENDA DR, Pleasanton",CA,3,3C,General Office,Office,,193442,193442,1042,Chiller + AHU + VAV,,,,,,,,,,,CDB10,10/10_MA_CBL,PGE ADR Project
149,Kaiser Walnut Creek,field-testing,,,1978,,94598,"25 N VIA MONTE, Walnut Creek",CA,12,3B,General Office,Office,,79360,79360,378,Package RTU + VAV,,,,,,,,,,,CDB10,10/10_MA_CBL,PGE ADR Project
150,US GENERAL SERVICES ADMINISTRATION,field-testing,,,1964,,94102,"450 GOLDEN GATE AVE, SAN FRANCISCO",CA,3,3C,Government offices,Office,18,605000,605000,2278,Chiller + AHU + VAV,,,,,,,,,,,CDB10,10/10_MA_CBL,PGE ADR Project
151,Menlo Business Park 1165,field-testing,1165 O'Brien dr.,,2007,,94025,Menlo Park,CA,4,3C,Office,Office,,10076,10076,29,Package RTU + VAV,,,,,,,cycle on and off,,,,CDA12,OAT_MA,PGE ADR Project
152,Menlo Business Park 1360,field-testing,1360 O'BRIEN DR.,,1984,,94025,Menlo Park,CA,4,3C,Office,Office,,20624,20624,264,Package RTU + VAV,,,,,,,cycle on and off,,,,CDA12,OAT_MA,PGE ADR Project
153,Menlo Business Park 1135,field-testing,1135 O'Brien Dr.,,2007,,94025,Menlo Park,CA,4,3C,Office,Office,,16831,16831,56,Package RTU + VAV,,,,,,,cycle on and off,,,,CDA12,OAT_MA,PGE ADR Project
154,Menlo Business Park 1530,field-testing,"1530 O'Brien Drive, suite C",,1986,,94025,Menlo Park,CA,4,3C,Office,Office,,35220,35220,164,Package RTU + VAV,,,,,,,cycle on and off,,,,CDA12,OAT_MA,PGE ADR Project
155,Menlo Business Park 1605,field-testing,1605 ADAMS DR.,,1989,,94025,Menlo Park,CA,4,3C,Office,Office,,47547,47547,367,Package RTU + VAV,,,,,,,cycle on and off,,,,CDA12,OAT_MA,PGE ADR Project
156,Menlo Business Park 1330,field-testing,1330 O'Brien Dr.,,1984,,94025,Menlo Park,CA,4,3C,Office,Office,,25366,25366,236,Package RTU + VAV,,,,,,,cycle on and off,,,,CDA12,OAT_MA,PGE ADR Project
157,Menlo Business Park 1455,field-testing,1455 ADAMS Dr.,,1984,,94025,Menlo Park,CA,4,3C,Office,Office,,56529,56529,354,Package RTU + VAV,,,,,,,cycle on and off,,,,CDA12,OAT_MA,PGE ADR Project
158,Menlo Business Park 1490,field-testing,1490 O'BRIEN DR.,,1989,,94025,Menlo Park,CA,4,3C,Office,Office,,30623,30623,147,Package RTU + VAV,,,,,,,cycle on and off,,,,CDA12,OAT_MA,PGE ADR Project
159,Menlo Business Park 1505 Adams,field-testing,1505 ADAMS DR.,,1989,,94025,Menlo Park,CA,4,3C,Office,Office,,30240,30240,77,Package RTU + VAV,,,,,,,cycle on and off,,,,CDA12,OAT_MA,PGE ADR Project
160,Menlo Business Park 1505 OBrien,field-testing,1505 O'Brien dr.,,1986,,94025,Menlo Park,CA,4,3C,Office,Office,,59607,59607,323,Package RTU + VAV,,,,,,,cycle on and off,,,,CDA12,OAT_MA,PGE ADR Project
161,Menlo Business Park 1525,field-testing,1525 O'BRIEN DR.,,1989,,94025,Menlo Park,CA,4,3C,Office,Office,,72300,72300,433,Package RTU + VAV,,,,,,,cycle on and off,,,,CDA12,OAT_MA,PGE ADR Project
162,Menlo Business Park 1530,field-testing,1530 O'BRIEN DR.,,1986,,94025,Menlo Park,CA,4,3C,Office,Office,,35220,35220,164,Package RTU + VAV,,,,,,,cycle on and off,,,,CDA12,OAT_MA,PGE ADR Project
163,Menlo Business Park 1555,field-testing,1555 ADAMS DR.,,1989,,94025,Menlo Park,CA,4,3C,Office,Office,,50373,50373,299,Package RTU + VAV,,,,,,,cycle on and off,,,,CDA12,OAT_MA,PGE ADR Project
164,Menlo Business Park 1600,field-testing,1600 ADAMS DR.,,1999,,94025,Menlo Park,CA,4,3C,Office,Office,,10667,10667,66,Package RTU + VAV,,,,,,,cycle on and off,,,,CDA12,OAT_MA,PGE ADR Project
165,Menlo Business Park 1140,field-testing,1140 O'Brien Dr.,,1986,,94025,Menlo Park,CA,4,3C,Office,Office,,31254,31254,222,Package RTU + VAV,,,,,,,cycle on and off,,,,CDA12,OAT_MA,PGE ADR Project
166,Menlo Business Park 1430,field-testing,1430 O'Brien Dr.,,1986,,94025,Menlo Park,CA,4,3C,Office,Office,,64951,64951,462,Package RTU + VAV,,,,,,,cycle on and off,,,,CDA12,OAT_MA,PGE ADR Project
167,braun2001,field-testing,braun2001,,1990,,60007,Chicago,IL,n/a,5A,Office,Office,4,1400000,1400000,10000,Chiller + AHU + VAV,,,centrifugal chiller,,,,Raise temperature by 4 degrees,,,,CDB10,Custom_Baseline,braun2001
168,braun2002,laboratory-testing,braun2002,,1990,,50315,Des Moines,IA,,5A,Office,Office,,1100,2200,15.5,Chiller + AHU + VAV,,,,,,,Raise temperature by 4 degrees,,,,CDB10,Custom_Baseline,braun2002
169,xu2004,field-testing,xu2004,,1990,,95404,Santa Rosa,CA,2,3B,Office,Office,,80000,80000,400,Chiller + AHU + VAV,,VAV,air-cooled chiller,,,,Raise temperature by 6 degrees,,,,CDB10,Custom_Baseline,xu2004 - santa rosa federal building
170,motegi2004,field-testing,motegi2004,concrete,1993,,94612,Oakland,CA,3,3C,Office,Office,,978000,978000,3795,Chiller + AHU + VAV,,VAV,centrifugal chiller,,,,Raise temperature by 4 degrees,,,,CDB10,Custom_Baseline,motegi2004 - aceee
171,bldg182,field-testing,yin2019,concrete,1918,,20374,Washington DC,n/a,n/a,4A,Office,Office,,35659,35659,130,Chiller + AHU + VAV,,VAV,air-cooled chiller,,,,Raise temperature by 4 degrees,,,,CDB10,Custom_Baseline,yin2016 - estcp